"sigla_universidade","nome_municipio","codigo_municipio","entidade","tipo_entidade","ano","fonte_url","observacao","data_consulta"
"CEFET/MG","Araxá","3104007","CEFET/MG - Campus Araxá","campus_federal","1992","https://web.archive.org/web/20120121142757/http://www.araxa.cefetmg.br/site/sobre/historico.html","UNED criada pela Portaria 215 de 04/02/1992, aula inaugural em 16/03/1992","2026-09-20"
"CEFET/MG","Araxá","3104007","EMINAS - Escola de 2º Grau Minas de Araxá","escola_predecessora",,"https://web.archive.org/web/20120121142757/http://www.araxa.cefetmg.br/site/sobre/historico.html","Escola técnica estadual, ano de fundação não localizado e sigla não confirmada em fontes recentes, encampada pelo MEC em 1991","2026-09-20"
"CEFET/MG","Belo Horizonte","3106200","CEFET/MG - Campus Sede","campus_federal","1978","https://www.dgdi.cefetmg.br/desenv-inst/historia-cefetmg/","Lei 6.545 de 30/06/1978 transformou a ETF-MG em CEFET-MG","2026-09-20"
"CEFET/MG","Belo Horizonte","3106200","Escola de Aprendizes Artífices de Minas Gerais","escola_predecessora","1909","https://www.dgdi.cefetmg.br/desenv-inst/historia-cefetmg/","Decreto 7.566 de 23/09/1909 (atividades em 1910), origem do CEFET/MG","2026-09-20"
"CEFET/MG","Divinópolis","3122306","CEFET/MG - Campus Divinópolis","campus_federal","1996","https://web.archive.org/web/20220529121312/https://www.divinopolis.cefetmg.br/institucional-4/apresentacao/","UNED criada em 1994, primeiras turmas em 1996 (data mais recente adotada)","2026-09-20"
"CEFET/MG","Leopoldina","3138401","CEFET/MG - Campus Leopoldina","campus_federal","1987","https://web.archive.org/web/20200607174410/http://www.leopoldina.cefetmg.br/historico/","Primeira UNED do CEFET/MG, portaria de 13/03/1987, aula inaugural em 23/03/1987","2026-09-20"
"CEFET/RJ","Nova Friburgo","3303401","CEFET/RJ - Campus Nova Friburgo","campus_federal","2008","https://www.cefet-rj.br/index.php/campus-nova-friburgo-historico","Portaria 703 de 09/06/2008, operação a partir de 17/08/2008","2026-09-20"
"CEFET/RJ","Nova Iguaçu","3303500","CEFET/RJ - Campus Nova Iguaçu","campus_federal","2004","https://www.cefet-rj.br/index.php/campus-nova-iguacu-historico","UnED inaugurada em 22/08/2003, cursos regulares a partir de 2004 (data mais recente adotada)","2026-09-20"
"CEFET/RJ","Petrópolis","3303906","CEFET/RJ - Campus Petrópolis","campus_federal","2008","https://www.cefet-rj.br/index.php/campus-petropolis-historico","UnED inaugurada em 13/09/2008, Plano de Expansão da Rede Federal","2026-09-20"
"CEFET/RJ","Rio de Janeiro","3304557","CEFET/RJ - Campus Maracanã (sede)","campus_federal","1978","https://pt.wikipedia.org/wiki/Centro_Federal_de_Educa%C3%A7%C3%A3o_Tecnol%C3%B3gica_Celso_Suckow_da_Fonseca","Lei 6.545 de 30/06/1978 transformou a ETF da Guanabara em CEFET/RJ","2026-09-20"
"CEFET/RJ","Rio de Janeiro","3304557","Escola Normal de Artes e Ofícios Wenceslau Brás","escola_predecessora","1917","https://www.cefet-rj.br/index.php/campus-maracana-historico","Fundada pela Prefeitura do Distrito Federal em 1917, federalizada em 1919, Escola Técnica Nacional em 1942","2026-09-20"
"FURG","Rio Grande","4315602","FURG - Campus Carreiros (sede)","campus_federal","1971","https://www.furg.br/a-furg/historia","Universidade criada pelo Decreto-Lei 774 de 20/08/1969, campus Carreiros implantado em 1971 (data mais recente adotada)","2026-09-20"
"FURG","Rio Grande","4315602","Escola de Engenharia Industrial de Rio Grande","escola_predecessora","1955","https://www.furg.br/a-furg/historia","Primeira escola superior da cidade, federalizada em 1961, também faculdades de Ciências Políticas e Econômicas (1955), Direito (1959), Filosofia (1959) e Medicina (1966)","2026-09-20"
"IF Catarinense","Concórdia","4204301","IFC - Campus Concórdia","campus_federal","2008","https://concordia.ifc.edu.br/institucional/historico/","Lei 11.892/2008","2026-09-20"
"IF Catarinense","Concórdia","4204301","Ginásio Agrícola de Concórdia","escola_predecessora","1965","https://concordia.ifc.edu.br/institucional/historico/","Atividades desde março de 1965, Escola Agrotécnica Federal em 1979, autarquia federal pela Lei 8.731/1993","2026-09-20"
"IF Catarinense","Rio do Sul","4214805","IFC - Campus Rio do Sul","campus_federal","2008","https://pt.wikipedia.org/wiki/Instituto_Federal_Catarinense","Lei 11.892/2008, operação como campus a partir de 2009","2026-09-20"
"IF Catarinense","Rio do Sul","4214805","Escola Agrotécnica Federal de Rio do Sul","escola_predecessora","1995","https://web.archive.org/web/20160912085332/http://www.ifc-riodosul.edu.br/site/historico-do-campus/","Criação legal pela Lei 8.670/1993, inaugurada em 17/12/1994, aulas desde 05/06/1995","2026-09-20"
"IF Fluminense","Campos dos Goytacazes","3301009","IFFluminense - Campus Campos Centro","campus_federal","2008","https://portal1.iff.edu.br/o-iffluminense/historico","Lei 11.892/2008","2026-09-20"
"IF Fluminense","Campos dos Goytacazes","3301009","Escola de Aprendizes Artífices de Campos","escola_predecessora","1909","https://portal1.iff.edu.br/o-iffluminense/historico","Criada pelo Decreto 7.566 de 23/09/1909, funcionou a partir de 23/01/1910, ETF Campos em 1945, CEFET Campos em 1999","2026-09-20"
"IF Fluminense","Macaé","3302403","IFFluminense - Campus Macaé","campus_federal","2008","https://portal1.iff.edu.br/nossos-campi/macae/apresentacao","Lei 11.892/2008","2026-09-20"
"IF Fluminense","Macaé","3302403","UNED Macaé (ETF Campos)","escola_predecessora","1993","https://portal1.iff.edu.br/nossos-campi/macae/apresentacao","Inaugurada em 29/07/1993, primeira UNED da ETF Campos","2026-09-20"
"IF Goiano","Goiânia","5208707","IF Goiano - Goiânia","campus_federal",,"https://ifgoiano.edu.br/home/index.php/institucional.html","Apenas Reitoria instalada em Goiânia, sem campus próprio listado pela instituição, cursos no Censo 2008","2026-09-20"
"IF Goiano","Rio Verde","5218805","IF Goiano - Campus Rio Verde","campus_federal","2008","https://pt.wikipedia.org/wiki/Instituto_Federal_Goiano","Lei 11.892/2008","2026-09-20"
"IF Goiano","Rio Verde","5218805","Ginásio Agrícola de Rio Verde","escola_predecessora","1967","https://ifgoiano.edu.br/home/index.php/institucional.html","Instalado em 05/06/1967, EAF de Rio Verde em 1979, CEFET Rio Verde em 2002","2026-09-20"
"IF Goiano","Urutaí","5221809","IF Goiano - Campus Urutaí","campus_federal","2008","https://pt.wikipedia.org/wiki/Instituto_Federal_Goiano","Lei 11.892/2008","2026-09-20"
"IF Goiano","Urutaí","5221809","Escola Agrícola de Urutaí","escola_predecessora","1956","https://pt.wikipedia.org/wiki/IF_Goiano_Campus_Uruta%C3%AD","Criada pela Lei 1.923 de 28/07/1953, atividades em março de 1956, EAF em 1977, CEFET Urutaí em 2002","2026-09-20"
"IF SERTÃO-PE","Petrolina","2611101","IF Sertão-PE - Campus Petrolina","campus_federal","2008","http://www.planalto.gov.br/ccivil_03/_ato2007-2010/2008/lei/l11892.htm","Lei 11.892/2008","2026-09-20"
"IF SERTÃO-PE","Petrolina","2611101","Escola Agrotécnica Federal Dom Avelar Brandão Vilela","escola_predecessora","1988","https://web.archive.org/web/20230331191518/https://ifsertaope.edu.br/index.php/a-instituicao/historico-inst","Campus avançado da ETF-PE em Petrolina desde 1983, EAF criada em 1988, autarquia em 1993, CEFET-Petrolina em 1999","2026-09-20"
"IF SUL DE MINAS","Inconfidentes","3130606","IFSULDEMINAS - Campus Inconfidentes","campus_federal","2008","https://portal.ifs.ifsuldeminas.edu.br/index.php/component/content/article/67-institucional/sobre-o-campus/87-historico","Lei 11.892/2008","2026-09-20"
"IF SUL DE MINAS","Inconfidentes","3130606","Patronato Agrícola de Inconfidentes","escola_predecessora","1918","https://portal.ifs.ifsuldeminas.edu.br/index.php/component/content/article/67-institucional/sobre-o-campus/87-historico","Decreto 12.893 de 28/02/1918, rede federal desde a origem, EAF Visconde de Mauá em 1978","2026-09-20"
"IF SUL DE MINAS","Machado","3139003","IFSULDEMINAS - Campus Machado","campus_federal","2008","https://portal.mch.ifsuldeminas.edu.br/sobre-o-campus","Lei 11.892/2008","2026-09-20"
"IF SUL DE MINAS","Machado","3139003","Escola de Iniciação Agrícola de Machado","escola_predecessora","1957","https://portal.mch.ifsuldeminas.edu.br/sobre-o-campus","Inaugurada em 03/07/1957, Ginásio Agrícola em 1964, EAF de Machado em 1979","2026-09-20"
"IF SUL DE MINAS","Muzambinho","3144102","IFSULDEMINAS - Campus Muzambinho","campus_federal","2008","https://www.muz.ifsuldeminas.edu.br/sobre-o-campus","Lei 11.892/2008","2026-09-20"
"IF SUL DE MINAS","Muzambinho","3144102","Escola Agrotécnica de Muzambinho","escola_predecessora","1953","https://www.muz.ifsuldeminas.edu.br/sobre-o-campus","Inaugurada em 22/11/1953, Colégio Agrícola em 1964, EAF de Muzambinho em 1979","2026-09-20"
"IFAL","Maceió","2704302","IFAL - Campus Maceió","campus_federal","2008","https://www2.ifal.edu.br/campus/maceio/o-campus/historia","Lei 11.892/2008","2026-09-20"
"IFAL","Maceió","2704302","Escola de Aprendizes Artífices de Alagoas","escola_predecessora","1909","https://www2.ifal.edu.br/campus/maceio/o-campus/historia","Decreto 7.566 de 23/09/1909, ETFAL em 1968, CEFET-AL em 1999","2026-09-20"
"IFAL","Marechal Deodoro","2704708","IFAL - Campus Marechal Deodoro","campus_federal","2008","https://www2.ifal.edu.br/campus/marechal/o-campus/historia","Lei 11.892/2008","2026-09-20"
"IFAL","Marechal Deodoro","2704708","UNED Marechal Deodoro (ETFAL)","escola_predecessora","1995","https://www2.ifal.edu.br/campus/marechal/o-campus/historia","UNED inaugurada em agosto de 1995","2026-09-20"
"IFAL","Palmeira dos Índios","2706307","IFAL - Campus Palmeira dos Índios","campus_federal","2008","https://www2.ifal.edu.br/campus/palmeira/o-campus/historia","Lei 11.892/2008","2026-09-20"
"IFAL","Palmeira dos Índios","2706307","Unidade da ETFAL em Palmeira dos Índios","escola_predecessora","1993","https://www2.ifal.edu.br/campus/palmeira/o-campus/historia","Inaugurada em 02/08/1993, aulas inaugurais em 09/08/1993","2026-09-20"
"IFAL","Satuba","2708907","IFAL - Campus Satuba","campus_federal","2008","https://www2.ifal.edu.br/campus/satuba/o-campus/historia","Lei 11.892/2008","2026-09-20"
"IFAL","Satuba","2708907","Patronato Agrícola de Alagoas","escola_predecessora","1911","https://www2.ifal.edu.br/campus/satuba/o-campus/historia","Criado em 30/08/1911, rede federal desde a origem, EAF de Satuba em 1979","2026-09-20"
"IFAM","Manaus","1302603","IFAM - Campus Manaus Centro","campus_federal","2008","https://pt.wikipedia.org/wiki/Instituto_Federal_do_Amazonas","Lei 11.892/2008","2026-09-20"
"IFAM","Manaus","1302603","Escola de Aprendizes Artífices do Amazonas","escola_predecessora","1909","https://pt.wikipedia.org/wiki/Instituto_Federal_do_Amazonas","Decreto 7.566 de 23/09/1909, instalada em 01/10/1910, ETFAM em 1965, CEFET-AM em 2001","2026-09-20"
"IFBA","Barreiras","2903201","IFBA - Campus Barreiras","campus_federal","2008","https://portal.ifba.edu.br/","Lei 11.892/2008","2026-09-20"
"IFBA","Barreiras","2903201","UNED Barreiras (CEFET-BA)","escola_predecessora","1993","https://pt.wikipedia.org/wiki/Instituto_Federal_da_Bahia","UNED criada em 15/10/1993","2026-09-20"
"IFBA","Eunápolis","2910727","IFBA - Campus Eunápolis","campus_federal","2008","https://pt.wikipedia.org/wiki/Instituto_Federal_da_Bahia","Lei 11.892/2008","2026-09-20"
"IFBA","Eunápolis","2910727","UNED Eunápolis (CEFET-BA)","escola_predecessora","1994","https://web.archive.org/web/20240422025753/https://portal.ifba.edu.br/eunapolis/menu-institucional/copy_of_o-campus","Inaugurada em 1994, atividades em 1995, Wikipédia indica 1996","2026-09-20"
"IFBA","Salvador","2927408","IFBA - Campus Salvador","campus_federal","2008","https://pt.wikipedia.org/wiki/Instituto_Federal_da_Bahia","Lei 11.892/2008","2026-09-20"
"IFBA","Salvador","2927408","Escola de Aprendizes Artífices da Bahia","escola_predecessora","1909","https://web.archive.org/web/20130916070111/http://portal.ifba.edu.br/centenario/historia.html","Instalada em 27/01/1910, ETFBA em 1965, CEFET-BA em 1993","2026-09-20"
"IFBA","Vitória da Conquista","2933307","IFBA - Campus Vitória da Conquista","campus_federal","2008","https://web.archive.org/web/20140402020622/http://www.conquista.ifba.edu.br/index.php/historico","Lei 11.892/2008","2026-09-20"
"IFBA","Vitória da Conquista","2933307","UNED Vitória da Conquista (CEFET-BA)","escola_predecessora","1994","https://web.archive.org/web/20140402020622/http://www.conquista.ifba.edu.br/index.php/historico","Construção iniciada em outubro de 1989, inaugurada em 24/11/1994, atividades em 1995","2026-09-20"
"IFCE","Cedro","2303808","IFCE - Campus Cedro","campus_federal","2008","https://pt.wikipedia.org/wiki/Hist%C3%B3ria_do_Instituto_Federal_do_Cear%C3%A1","Lei 11.892/2008","2026-09-20"
"IFCE","Cedro","2303808","UNED Cedro (CEFET-CE)","escola_predecessora","1995","https://pt.wikipedia.org/wiki/Hist%C3%B3ria_do_Instituto_Federal_do_Cear%C3%A1","PROTEC de 1986, UNED inaugurada em 1995","2026-09-20"
"IFCE","Fortaleza","2304400","IFCE - Campus Fortaleza","campus_federal","2008","https://pt.wikipedia.org/wiki/Instituto_Federal_de_Educa%C3%A7%C3%A3o,_Ci%C3%AAncia_e_Tecnologia_do_Cear%C3%A1","Lei 11.892/2008, efetivação em 2009","2026-09-20"
"IFCE","Fortaleza","2304400","Escola de Aprendizes Artífices do Ceará","escola_predecessora","1909","https://pt.wikipedia.org/wiki/Hist%C3%B3ria_do_Instituto_Federal_do_Cear%C3%A1","Decreto 7.566 de 23/09/1909, atividades em 1910, ETFCE em 1968, CEFET-CE em 1999","2026-09-20"
"IFCE","Iguatu","2305506","IFCE - Campus Iguatu","campus_federal","2008","https://pt.wikipedia.org/wiki/Instituto_Federal_de_Educa%C3%A7%C3%A3o,_Ci%C3%AAncia_e_Tecnologia_do_Cear%C3%A1","Lei 11.892/2008","2026-09-20"
"IFCE","Iguatu","2305506","Colégio de Economia Doméstica Rural Elza Barreto","escola_predecessora","1962","https://pt.wikipedia.org/wiki/Hist%C3%B3ria_do_Instituto_Federal_do_Cear%C3%A1","Origem em 1955 como curso de extensão, criado em 1962 pelo Ministério da Agricultura, EAF de Iguatu em 1979","2026-09-20"
"IFCE","Juazeiro do Norte","2307304","IFCE - Campus Juazeiro do Norte","campus_federal","2008","https://pt.wikipedia.org/wiki/Hist%C3%B3ria_do_Instituto_Federal_do_Cear%C3%A1","Lei 11.892/2008","2026-09-20"
"IFCE","Juazeiro do Norte","2307304","UNED Juazeiro do Norte (CEFET-CE)","escola_predecessora","1995","https://pt.wikipedia.org/wiki/Hist%C3%B3ria_do_Instituto_Federal_do_Cear%C3%A1","PROTEC de 1986, UNED inaugurada em 1995","2026-09-20"
"IFCE","Maracanaú","2307650","IFCE - Campus Maracanaú","campus_federal","2008","https://pt.wikipedia.org/wiki/Hist%C3%B3ria_do_Instituto_Federal_do_Cear%C3%A1","Lei 11.892/2008","2026-09-20"
"IFCE","Maracanaú","2307650","UNED Maracanaú (CEFET-CE)","escola_predecessora","2007","https://pt.wikipedia.org/wiki/Hist%C3%B3ria_do_Instituto_Federal_do_Cear%C3%A1","Primeira UNED do Plano de Expansão Fase II em 2007","2026-09-20"
"IFES","Alegre","3200201","IFES - Campus Alegre","campus_federal","2008","https://alegre.ifes.edu.br/institucional?start=1","Lei 11.892/2008","2026-09-20"
"IFES","Alegre","3200201","Escola Agrícola de Alegre","escola_predecessora","1953","https://alegre.ifes.edu.br/institucional?start=1","Convênio União-ES em 07/05/1953, atividades em 02/03/1962, EAF de Alegre em 1979, autarquia em 1993","2026-09-20"
"IFES","Colatina","3201506","IFES - Campus Colatina","campus_federal","2008","https://colatina.ifes.edu.br/institucional","Lei 11.892/2008","2026-09-20"
"IFES","Colatina","3201506","UNED Colatina (CEFETES)","escola_predecessora","1993","https://colatina.ifes.edu.br/institucional","Inaugurada em 13/03/1993, primeira UNED do ES","2026-09-20"
"IFES","Serra","3205002","IFES - Campus Serra","campus_federal","2008","https://atom.ifes.edu.br/index.php/cefetes?sf_culture=pt_BR","Lei 11.892/2008","2026-09-20"
"IFES","Serra","3205002","UNED Serra (CEFETES)","escola_predecessora","2001","https://atom.ifes.edu.br/index.php/cefetes?sf_culture=pt_BR","Atividades letivas a partir de 12/03/2001","2026-09-20"
"IFES","Vitória","3205309","IFES - Campus Vitória","campus_federal","2008","https://pt.wikipedia.org/wiki/Instituto_Federal_do_Esp%C3%ADrito_Santo","Lei 11.892/2008","2026-09-20"
"IFES","Vitória","3205309","Escola de Aprendizes Artífices do Espírito Santo","escola_predecessora","1909","https://pt.wikipedia.org/wiki/Instituto_Federal_do_Esp%C3%ADrito_Santo","Decreto 7.566 de 23/09/1909, página do campus indica 1910, ETFES, CEFETES em 1999","2026-09-20"
"IFFarroupilha","Alegrete","4300406","IFFarroupilha - Campus Alegrete","campus_federal","2008","https://www.iffarroupilha.edu.br/institucional-al","Lei 11.892/2008","2026-09-20"
"IFFarroupilha","Alegrete","4300406","Escola Agrícola de Alegrete","escola_predecessora","1954","https://www.iffarroupilha.edu.br/institucional-al","Fundada em 21/03/1954 (estadual), depois EAFA federal","2026-09-20"
"IFFarroupilha","Santa Maria","4316907","IFFarroupilha - Santa Maria","campus_federal",,"https://www.iffarroupilha.edu.br/institucional","Apenas Reitoria desde 2009, campus oficializado em janeiro de 2026, cursos presentes no Censo 2008","2026-09-20"
"IFFarroupilha","Santo Augusto","4317806","IFFarroupilha - Campus Santo Augusto","campus_federal","2008","https://iffar.edu.br/institucional-sa","Instituto Federal criado pela Lei 11.892/2008","2026-09-20"
"IFFarroupilha","Santo Augusto","4317806","Ceprovale - Centro de Educação Profissional","escola_predecessora",,"https://www.iffarroupilha.edu.br/institucional-sa","Ano exato não localizado, movimento iniciado em 1998 pela FUNDATURVO, convênio MEC em 29/07/2005, UNED do CEFET-BG inaugurada em 18/12/2007","2026-09-20"
"IFFarroupilha","São Vicente do Sul","4319802","IFFarroupilha - Campus São Vicente do Sul","campus_federal","2008","https://www.iffarroupilha.edu.br/institucional-svs","Lei 11.892/2008 e Portaria MEC 4 de 06/01/2009","2026-09-20"
"IFFarroupilha","São Vicente do Sul","4319802","Escola de Iniciação Agrícola de São Vicente do Sul","escola_predecessora","1954","https://www.iffarroupilha.edu.br/institucional-svs","Termo de Acordo União-município de 17/11/1954, Colégio Agrícola da UFSM em 1968, EAF em 1985, CEFET-SVS em 2002","2026-09-20"
"IFG","Goiânia","5208707","IFG - Campus Goiânia","campus_federal","2008","https://ifg.edu.br/apresentacao-a-instituicao?showall=&start=1","Lei 11.892/2008","2026-09-20"
"IFG","Goiânia","5208707","Escola de Aprendizes Artífices de Goiás","escola_predecessora","1909","https://ifg.edu.br/apresentacao-a-instituicao?showall=&start=1","Fundada em Vila Boa (atual Cidade de Goiás), transferida para Goiânia em 1942, ETFG em 1965, CEFET-GO em 1999","2026-09-20"
"IFG","Inhumas","5210000","IFG - Campus Inhumas","campus_federal","2008","https://ifg.edu.br/apresentacao-a-instituicao?showall=&start=2","Lei 11.892/2008","2026-09-20"
"IFG","Inhumas","5210000","UNED Inhumas (CEFET-GO)","escola_predecessora","2006","https://ifg.edu.br/apresentacao-a-instituicao?showall=&start=2","Plano de Expansão da Rede Federal","2026-09-20"
"IFG","Itumbiara","5211503","IFG - Campus Itumbiara","campus_federal","2008","https://ifg.edu.br/apresentacao-a-instituicao?showall=&start=2","Implantado diretamente pelo CEFET-GO no 2º semestre de 2008","2026-09-20"
"IFG","Jataí","5211909","IFG - Campus Jataí","campus_federal","2008","https://ifg.edu.br/apresentacao-a-instituicao?showall=&start=1","Lei 11.892/2008","2026-09-20"
"IFG","Jataí","5211909","UNED Jataí (ETFG)","escola_predecessora","1988","https://ifg.edu.br/apresentacao-a-instituicao?showall=&start=1","Segunda unidade mais antiga da instituição","2026-09-20"
"IFG","Uruaçu","5221601","IFG - Campus Uruaçu","campus_federal","2008","https://pt.wikipedia.org/wiki/Instituto_Federal_de_Goi%C3%A1s","Início das aulas em 25/08/2008","2026-09-20"
"IFMA","Caxias","2103000","IFMA - Campus Caxias","campus_federal","2010","https://caxias.ifma.edu.br/2022/09/21/campus-completa-12-anos-de-atuacao-em-caxias/","Plano de Expansão Fase II, autorização MEC em 21/09/2010 e inauguração em 27/12/2010, sem unidade federal predecessora localizada, microdados indicam cursos sob o código da unidade desde 2004","2026-09-20"
"IFMA","São Luís","2111300","IFMA - Campus São Luís","campus_federal","2008","https://portal.ifma.edu.br/instituto/historico/","Lei 11.892/2008","2026-09-20"
"IFMA","São Luís","2111300","Escola de Aprendizes Artífices do Maranhão","escola_predecessora","1909","https://portal.ifma.edu.br/instituto/historico/","Instalada em 16/01/1910, ETF do Maranhão em 1965, CEFET-MA em 1989","2026-09-20"
"IFMG","Bambuí","3105103","IFMG - Campus Bambuí","campus_federal","2008","https://web.archive.org/web/20230926115014/https://www.ifmg.edu.br/portal/noticias/campus-bambui-comemora-aniversario-de-55-anos","Lei 11.892/2008","2026-09-20"
"IFMG","Bambuí","3105103","Colégio Agrícola de Bambuí","escola_predecessora","1968","https://web.archive.org/web/20230926115014/https://www.ifmg.edu.br/portal/noticias/campus-bambui-comemora-aniversario-de-55-anos","Decreto 63.923 de 20/08/1968, CEFET-Bambuí em 2002","2026-09-20"
"IFMG","Belo Horizonte","3106200","IFMG - Belo Horizonte","campus_federal",,"https://pt.wikipedia.org/wiki/Instituto_Federal_de_Minas_Gerais","Reitoria do IFMG em Belo Horizonte, campus local em implantação à época, cursos presentes no Censo 2008","2026-09-20"
"IFMG","Formiga","3126109","IFMG - Campus Formiga","campus_federal","2008","https://web.archive.org/web/20250910174518/https://formiga.ifmg.edu.br/liceu-labmaker?view=article&id=45:historico&catid=2","Lei 11.892/2008","2026-09-20"
"IFMG","Formiga","3126109","UNED Formiga (CEFET-Bambuí)","escola_predecessora","2007","https://web.archive.org/web/20250910174518/https://formiga.ifmg.edu.br/liceu-labmaker?view=article&id=45:historico&catid=2","Atividades a partir de março de 2007","2026-09-20"
"IFMG","Ouro Preto","3146107","IFMG - Campus Ouro Preto","campus_federal","2008","https://web.archive.org/web/20210124185443/https://www.ifmg.edu.br/ouropreto/institucional/o-campus","Lei 11.892/2008","2026-09-20"
"IFMG","Ouro Preto","3146107","Escola Técnica de Ouro Preto","escola_predecessora","1944","https://web.archive.org/web/20260610004340/https://ouropreto.ifmg.edu.br/ouropreto/noticias/os-documentos-historicos-a-arte-no-campus-exposicoes-celebram-os-82-anos-da-instituicao","Criada pelo Decreto-Lei 4.127/1942, atividades em 15/05/1944, federalizada em 1959, CEFET-Ouro Preto em 2002","2026-09-20"
"IFMG","São João Evangelista","3162807","IFMG - Campus São João Evangelista","campus_federal","2008","https://web.archive.org/web/20231203003109/https://www.sje.ifmg.edu.br/portal/index.php/noticias/2707-campus-sao-joao-evangelista-completa-72-anos","Lei 11.892/2008","2026-09-20"
"IFMG","São João Evangelista","3162807","Escola de Iniciação Agrícola de São João Evangelista","escola_predecessora","1951","https://web.archive.org/web/20231203003109/https://www.sje.ifmg.edu.br/portal/index.php/noticias/2707-campus-sao-joao-evangelista-completa-72-anos","Instalada em 27/10/1951, federal desde a origem, EAF em 1979","2026-09-20"
"IFMT","Campo Novo do Parecis","5102637","IFMT - Campus Campo Novo do Parecis","campus_federal","2008","https://cnp.ifmt.edu.br/o-campus/","Lei 11.892/2008, atividades em setembro de 2008, Portaria 04 de 06/01/2009","2026-09-20"
"IFMT","Campo Novo do Parecis","5102637","Escola Agrotécnica Municipal Dorvalino Minozzo","escola_predecessora",,"https://cnp.ifmt.edu.br/o-campus/","Escola municipal de Campo Novo do Parecis (município criado em 1988), ano de fundação não localizado, federalizada em 2008 como UNED Parecis","2026-09-20"
"IFMT","Cuiabá","5103403","IFMT - Campus Cuiabá Bela Vista","campus_federal","2008","https://ifmt.edu.br/o-instituto/","Lei 11.892/2008","2026-09-20"
"IFMT","Cuiabá","5103403","UNED Bela Vista (CEFET-MT)","escola_predecessora","2006","https://blv.ifmt.edu.br/o-campus/","Inaugurada em 13/09/2006, Portaria Ministerial 1.586 de 15/09/2006, linhagem EAA-MT 1909, ETFMT 1968, CEFET-MT 2002","2026-09-20"
"IFNMG","Januária","3135209","IFNMG - Campus Januária","campus_federal","2008","https://www.ifnmg.edu.br/institucional-info","Lei 11.892/2008","2026-09-20"
"IFNMG","Januária","3135209","Escola Agrícola de Januária","escola_predecessora","1960","https://pt.wikipedia.org/wiki/Instituto_Federal_do_Norte_de_Minas_Gerais","Criada em 04/10/1960, Colégio Agrícola em 1964, CEFET Januária em 2002","2026-09-20"
"IFNMG","Salinas","3157005","IFNMG - Campus Salinas","campus_federal","2008","https://www.ifnmg.edu.br/menu-salinas/historico","Lei 11.892/2008","2026-09-20"
"IFNMG","Salinas","3157005","Escola Agrotécnica Federal de Salinas","escola_predecessora","1956","https://www.ifnmg.edu.br/menu-salinas/historico","Fundada em 01/03/1956","2026-09-20"
"IFPA","Belém","1501402","IFPA - Campus Belém","campus_federal","2008","https://pt.wikipedia.org/wiki/Instituto_Federal_do_Par%C3%A1","Lei 11.892/2008, atividades como IFPA em 2009","2026-09-20"
"IFPA","Belém","1501402","Escola de Aprendizes Artífices do Pará","escola_predecessora","1909","https://ifpa.edu.br/institucional","Decreto 7.566 de 23/09/1909, ETFPA em 1968, CEFET-PA em 1999","2026-09-20"
"IFPB","Cajazeiras","2503704","IFPB - Campus Cajazeiras","campus_federal","2008","https://www.ifpb.edu.br/campus/cajazeiras/institucional/sobre-o-campus","Lei 11.892/2008","2026-09-20"
"IFPB","Cajazeiras","2503704","UNED Cajazeiras (ETF-PB)","escola_predecessora","1994","https://www.ifpb.edu.br/campus/cajazeiras/institucional/sobre-o-campus","Inaugurada em 04/12/1994","2026-09-20"
"IFPB","Campina Grande","2504009","IFPB - Campus Campina Grande","campus_federal","2008","https://www.ifpb.edu.br/campus/campinagrande/institucional/sobre-o-campus","Lei 11.892/2008","2026-09-20"
"IFPB","Campina Grande","2504009","Unidade do CEFET-PB em Campina Grande","escola_predecessora","2007","https://www.ifpb.edu.br/campus/campinagrande/institucional/sobre-o-campus","Atividades em 2006, primeiros cursos em 2007","2026-09-20"
"IFPB","João Pessoa","2507507","IFPB - Campus João Pessoa","campus_federal","2008","https://www.ifpb.edu.br/institucional/historia","Lei 11.892/2008","2026-09-20"
"IFPB","João Pessoa","2507507","Escola de Aprendizes Artífices da Parahyba do Norte","escola_predecessora","1909","https://www.ifpb.edu.br/institucional/historia","Atividades em 06/01/1910, ETF-PB em 1968, CEFET-PB em 1999","2026-09-20"
"IFPE","Pesqueira","2610905","IFPE - Campus Pesqueira","campus_federal","2008","https://portal.ifpe.edu.br/pesqueira/o-campus/historico/","Lei 11.892/2008","2026-09-20"
"IFPE","Pesqueira","2610905","UNED Pesqueira (ETFPE)","escola_predecessora","1993","https://portal.ifpe.edu.br/pesqueira/o-campus/historico/","PROTEC de 1987, autorizada em 1992, atividades em 1993, aula inaugural em 05/04/1994","2026-09-20"
"IFPE","Recife","2611606","IFPE - Campus Recife","campus_federal","2008","https://portal.ifpe.edu.br/recife/o-campus/historico/","Lei 11.892/2008","2026-09-20"
"IFPE","Recife","2611606","Escola de Aprendizes Artífices de Pernambuco","escola_predecessora","1909","https://portal.ifpe.edu.br/recife/o-campus/historico/","Atividades em 1910, autarquia em 1959, CEFET-PE em 1999","2026-09-20"
"IFPI","Floriano","2203909","IFPI - Campus Floriano","campus_federal",,"https://www.ifpi.edu.br/floriano","Ano de criação não localizado nas fontes oficiais, site do campus capturado em 2010 e processo seletivo em 2009, Colégio Agrícola de Floriano pertence à UFPI e não é predecessor","2026-09-20"
"IFPI","Teresina","2211001","IFPI - Campus Teresina","campus_federal","2008","https://pt.wikipedia.org/wiki/Instituto_Federal_do_Piau%C3%AD","Lei 11.892/2008","2026-09-20"
"IFPI","Teresina","2211001","Escola de Aprendizes Artífices do Piauí","escola_predecessora","1909","https://pt.wikipedia.org/wiki/Instituto_Federal_do_Piau%C3%AD","Escola Industrial Federal em 1965, ETF-PI em 1967, CEFET-PI em 1999","2026-09-20"
"IFRJ","Nilópolis","3303203","IFRJ - Campus Nilópolis","campus_federal","2008","https://web.archive.org/web/20170112080057/http://portal.ifrj.edu.br/instituicao/historico","Lei 11.892/2008, o IFRJ foi criado por transformação do CEFET Química de Nilópolis","2026-09-20"
"IFRJ","Nilópolis","3303203","UNED Nilópolis (ETFQ-RJ)","escola_predecessora","1994","https://web.archive.org/web/20170112080057/http://portal.ifrj.edu.br/instituicao/historico","Fundada em 1994 pela ETFQ-RJ, sede da ETFQ-RJ transferida para Nilópolis em 1999 como CEFETQ","2026-09-20"
"IFRJ","Rio de Janeiro","3304557","IFRJ - Campus Rio de Janeiro","campus_federal","2008","https://pt.wikipedia.org/wiki/Instituto_Federal_do_Rio_de_Janeiro","Lei 11.892/2008","2026-09-20"
"IFRJ","Rio de Janeiro","3304557","Escola Técnica Federal de Química do Rio de Janeiro","escola_predecessora","1956","https://pt.wikipedia.org/wiki/Instituto_Federal_do_Rio_de_Janeiro","Lei 3.552/1956, curso técnico de química funcionava desde 1946 nas dependências da Escola Técnica Nacional, sede própria no Maracanã em 1986","2026-09-20"
"IFRN","Natal","2408102","IFRN - Campus Natal Central","campus_federal","2008","https://pt.wikipedia.org/wiki/Instituto_Federal_do_Rio_Grande_do_Norte","Lei 11.892/2008","2026-09-20"
"IFRN","Natal","2408102","Escola de Aprendizes Artífices do Rio Grande do Norte","escola_predecessora","1909","https://pt.wikipedia.org/wiki/Instituto_Federal_do_Rio_Grande_do_Norte","Instalada em Natal em 1910, ETFRN em 1968, CEFET-RN em 1999","2026-09-20"
"IFRO","Colorado do Oeste","1100064","IFRO - Campus Colorado do Oeste","campus_federal","2008","https://portal.ifro.edu.br/colorado/o-campus","Lei 11.892/2008","2026-09-20"
"IFRO","Colorado do Oeste","1100064","EAFCO - Escola Agrotécnica Federal de Colorado do Oeste","escola_predecessora","1993","https://portal.ifro.edu.br/colorado/o-campus","Lei 8.670 de 30/06/1993, criada já como federal","2026-09-20"
"IFRR","Boa Vista","1400100","IFRR - Campus Boa Vista","campus_federal","2008","https://www.ifrr.edu.br/a-instituicao/historico/","Lei 11.892/2008","2026-09-20"
"IFRR","Boa Vista","1400100","Escola Técnica de Roraima","escola_predecessora","1987","https://www.ifrr.edu.br/a-instituicao/historico/","Implantada em 1986, atividades em 1987, territorial/estadual, federalizada pela Lei 8.670 de 30/06/1993 como ETF-RR, CEFET-RR em 2002","2026-09-20"
"IFRS","Bento Gonçalves","4302105","IFRS - Campus Bento Gonçalves","campus_federal","2008","https://www.ifrs.edu.br/bento/institucional/historico/","Lei 11.892/2008","2026-09-20"
"IFRS","Bento Gonçalves","4302105","Escola de Viticultura e Enologia","escola_predecessora","1959","https://www.ifrs.edu.br/bento/institucional/historico/","Lei 3.646 de 22/10/1959, escola estadual, federalizada como CefetRS em 2002","2026-09-20"
"IFRS","Sertão","4320503","IFRS - Campus Sertão","campus_federal","2008","https://memoria.ifrs.edu.br/timeline/2008-criacao-dos-institutos-federais-4/","Lei 11.892/2008","2026-09-20"
"IFRS","Sertão","4320503","Escola Agrícola de Passo Fundo","escola_predecessora","1957","https://memoria.ifrs.edu.br/timeline/unidade/campus-sertao/","Lei 3.215 de 19/07/1957, funcionamento em 1963, EAF de Sertão em 1979, autarquia federal em 1993","2026-09-20"
"IFS","Aracaju","2800308","IFS - Campus Aracaju","campus_federal","2008","https://pt.wikipedia.org/wiki/Instituto_Federal_de_Sergipe","Lei 11.892/2008, campus instituído em 2009 segundo a Wikipédia","2026-09-20"
"IFS","Aracaju","2800308","Escola de Aprendizes Artífices de Sergipe","escola_predecessora","1909","https://pt.wikipedia.org/wiki/Instituto_Federal_de_Sergipe","Federal desde a criação, ETF Sergipe, CEFET-SE em 1999","2026-09-20"
"IFS","Lagarto","2803500","IFS - Campus Lagarto","campus_federal","2008","https://pt.wikipedia.org/wiki/Instituto_Federal_de_Sergipe","Lei 11.892/2008","2026-09-20"
"IFS","Lagarto","2803500","UNED Lagarto (ETF Sergipe)","escola_predecessora","1994","https://pt.wikipedia.org/wiki/Instituto_Federal_de_Sergipe","Inaugurada em 1994, Wikipédia indica surgimento da UNED em 1995","2026-09-20"
"IFSC","Florianópolis","4205407","IFSC - Campus Florianópolis","campus_federal","2008","https://www.ifsc.edu.br/historico","Lei 11.892/2008, evolução da ETFSC/CEFETSC","2026-09-20"
"IFSC","Florianópolis","4205407","Escola de Aprendizes Artífices de Santa Catarina","escola_predecessora","1909","https://www.ifsc.edu.br/historico","Decreto 7.566 de 23/09/1909, instalada em 1910","2026-09-20"
"IFSC","São José","4216602","IFSC - Campus São José","campus_federal","2008","https://www.ifsc.edu.br/web/campus-sao-jose/historico","Lei 11.892/2008","2026-09-20"
"IFSC","São José","4216602","UnED São José (ETF-SC)","escola_predecessora","1988","https://www.ifsc.edu.br/web/campus-sao-jose/historico","Aulas desde 1988, primeira unidade descentralizada da ETF-SC, sede própria em 1991, CEFET-SC em 2002","2026-09-20"
"IFSEMG","Barbacena","3105608","IFSEMG - Campus Barbacena","campus_federal","2008","https://web.archive.org/web/20250418130150/https://www.ifsudestemg.edu.br/barbacena/institucional","Lei 11.892/2008","2026-09-20"
"IFSEMG","Barbacena","3105608","Aprendizado Agrícola de Barbacena","escola_predecessora","1910","https://web.archive.org/web/20250418130150/https://www.ifsudestemg.edu.br/barbacena/institucional","Decreto de 09/11/1910 (nº 8.358 ou 358, fontes divergem), atividades iniciadas 14/06/1913, autarquia pela Lei estadual 8.731/1993","2026-09-20"
"IFSEMG","Rio Pomba","3155801","IFSEMG - Campus Rio Pomba","campus_federal","2008","https://web.archive.org/web/20240429084054/https://www.ifsudestemg.edu.br/riopomba/institucional","Lei 11.892/2008","2026-09-20"
"IFSEMG","Rio Pomba","3155801","Escola Agrícola de Rio Pomba","escola_predecessora","1962","https://web.archive.org/web/20240429084054/https://www.ifsudestemg.edu.br/riopomba/institucional","Inaugurada 16/08/1962, tornou-se CEFET-RP em 2002","2026-09-20"
"IFSP","Cubatão","3513504","IFSP - Campus Cubatão","campus_federal","2008","https://pt.wikipedia.org/wiki/Instituto_Federal_de_S%C3%A3o_Paulo","Lei 11.892/2008","2026-09-20"
"IFSP","Cubatão","3513504","2ª unidade da ETFSP em Cubatão","escola_predecessora","1987","https://pt.wikipedia.org/wiki/Instituto_Federal_de_S%C3%A3o_Paulo","Unidade descentralizada da ETFSP","2026-09-20"
"IFSP","São Paulo","3550308","IFSP - Campus São Paulo","campus_federal","2008","https://pt.wikipedia.org/wiki/Instituto_Federal_de_S%C3%A3o_Paulo","Lei 11.892/2008","2026-09-20"
"IFSP","São Paulo","3550308","Escola de Aprendizes Artífices de São Paulo","escola_predecessora","1909","https://pt.wikipedia.org/wiki/Instituto_Federal_de_S%C3%A3o_Paulo","Decreto 7.566/1909, atividades em 1910, ETFSP em 1965, CEFET-SP em 1998 (não confundir com CEETESP/Paula Souza)","2026-09-20"
"IFSP","Sertãozinho","3551702","IFSP - Campus Sertãozinho","campus_federal","2008","https://pt.wikipedia.org/wiki/Instituto_Federal_de_S%C3%A3o_Paulo","Lei 11.892/2008","2026-09-20"
"IFSP","Sertãozinho","3551702","3ª unidade da ETFSP em Sertãozinho","escola_predecessora","1996","https://pt.wikipedia.org/wiki/Instituto_Federal_de_S%C3%A3o_Paulo","Unidade descentralizada da ETFSP","2026-09-20"
"IFSul","Pelotas","4314407","IFSul - Campus Pelotas","campus_federal","2008","https://pt.wikipedia.org/wiki/Instituto_Federal_Sul-rio-grandense","Lei 11.892/2008","2026-09-20"
"IFSul","Pelotas","4314407","Escola Técnica de Pelotas","escola_predecessora","1942","https://pt.wikipedia.org/wiki/Instituto_Federal_Sul-rio-grandense","Decreto-Lei 4.127 de 25/02/1942, prédio inaugurado 1943, aulas em 1945, autarquia em 1959, ETFPEL em 1965, CEFET-RS em 1999","2026-09-20"
"IFSul","Sapucaia do Sul","4320008","IFSul - Campus Sapucaia do Sul","campus_federal","2008","https://sapucaia.ifsul.edu.br/campus-sapucaia","Lei 11.892/2008","2026-09-20"
"IFSul","Sapucaia do Sul","4320008","UNED Sapucaia do Sul (ETF Pelotas)","escola_predecessora","1996","https://sapucaia.ifsul.edu.br/campus-sapucaia","UNED criada em 26/02/1996 vinculada ao ETF Pelotas, CEFETPel em 1999","2026-09-20"
"IFTM","Uberaba","3170107","IFTM - Campus Uberaba","campus_federal","2008","https://iftm.edu.br/uberaba/historico/","Lei 11.892/2008","2026-09-20"
"IFTM","Uberaba","3170107","Centro de Treinamento em Economia Doméstica e Rural","escola_predecessora","1953","https://iftm.edu.br/uberaba/historico/","Colégio de Economia Doméstica em 1963, EAF em 1979, CEFET Uberaba em 2002","2026-09-20"
"IFTM","Uberlândia","3170206","IFTM - Campus Uberlândia","campus_federal","2008","https://iftm.edu.br/uberabad/historico/","Lei 11.892/2008","2026-09-20"
"IFTM","Uberlândia","3170206","Colégio Agrícola de Uberlândia","escola_predecessora","1957","https://iftm.edu.br/uberabad/historico/","Convênio União-MG de 21/10/1957, EAF em 1979","2026-09-20"
"IFTO","Palmas","1721000","IFTO - Campus Palmas","campus_federal","2008","https://www.ifto.edu.br/ifto","Lei 11.892/2008","2026-09-20"
"IFTO","Palmas","1721000","Escola Técnica Federal de Palmas","escola_predecessora","1993","https://www.ifto.edu.br/ifto","Lei 8.670 de 30/06/1993, já criada como federal","2026-09-20"
"UFABC","Santo André","3547809","UFABC - Campus Sede (Santo André)","campus_federal","2006","https://pt.wikipedia.org/wiki/Universidade_Federal_do_ABC","Criada do zero pela Lei 11.145 de 26/07/2005, primeiras aulas em 11/09/2006 (data mais recente adotada),  antecedente estadual (UEABC, Lei estadual 9.083/1995) nunca implantado","2026-09-20"
"UFAC","Brasiléia","1200104","UFAC - Campus Fronteira do Alto Acre","campus_federal","2016","http://www2.ufac.br/site/news/ufac-inaugura-campus-em-brasileia","Campus novo sem escola predecessora, reconhecido pelo MEC em 12/2014, inaugurado 20/11/2015, primeiras turmas no 1º semestre de 2016 (data mais recente adotada)","2026-09-20"
"UFAC","Cruzeiro do Sul","1200203","UFAC - Campus Floresta","campus_federal","1989","https://livrodigital.disal.com.br/","Campus avançado criado em 1989","2026-09-20"
"UFAC","Rio Branco","1200401","UFAC - Campus Rio Branco (sede)","campus_federal","1974","https://pt.wikipedia.org/wiki/Universidade_Federal_do_Acre","Federalização pela Lei 6.025 de 05/04/1974 (data mais recente da cadeia: faculdade 1964, centro universitário 1970, universidade estadual 1971)","2026-09-20"
"UFAC","Rio Branco","1200401","Faculdade de Direito do Acre","escola_predecessora","1964","https://pt.wikipedia.org/wiki/Universidade_Federal_do_Acre","Fundada 25/03/1964 (Decreto Estadual 187), juntamente com a Faculdade de Ciências Econômicas (1968) na origem, Centro Universitário do Acre em 1970, Universidade do Acre em 1971","2026-09-20"
"UFAL","Arapiraca","2700300","UFAL - Campus Arapiraca","campus_federal","2006","https://www.arapiraca.ufal.br/institucional/quem_somos","Resolução CONSUNI 20/2005 de 01/08/2005, inaugurado em 2006 (data mais recente adotada)","2026-09-20"
"UFAL","Maceió","2704302","UFAL - Campus A.C. Simões (sede)","campus_federal","1961","https://ufal.br/ufal/institucional/apresentacao","Lei 3.867 de 25/01/1961","2026-09-20"
"UFAL","Maceió","2704302","Faculdade de Direito de Alagoas","escola_predecessora","1931","https://pt.wikipedia.org/wiki/Faculdade_de_Direito_de_Alagoas","Fundada 24/05/1931, oficializada pelo Decreto 1.745 de 1933, federalizada em 1949 (Lei 1.014), célula mater da UFAL,  faculdades reunidas: Medicina 1951, Filosofia 1952, Economia 1954, Engenharia 1955, Odontologia 1957,  EAA de Alagoas (1909) pertence à linhagem do IFAL","2026-09-20"
"UFAL","Rio Largo","2707701","UFAL - Campus de Engenharias e Ciências Agrárias (CECA)","campus_federal","1996","https://ceca.ufal.br/pt-br/institucional/quem-somos","CECA criado em 1975 (Resolução 05/1975), instalado em Rio Largo em 1996 (Resolução 02/1996, antigas instalações do PLANALSUCAR),  denominado Campus de Engenharias e Ciências Agrárias desde 2019","2026-09-20"
"UFAM","Benjamin Constant","1300607","UFAM - Campus Benjamin Constant (INC)","campus_federal","2006","https://ufam.edu.br/unidades-academicas/67-ufam-institucional/ufam-unidades-academicas/ufam-interior/141-benjamin.html","Campus Universitário do Polo Alto Solimões criado pelas Res. 024/2005 e 027/2005-CONSUNI (25/11/2005), primeiras turmas em 2006 (data mais recente adotada), renomeado INC em 2006","2026-09-20"
"UFAM","Coari","1301209","UFAM - Campus Coari (ISB)","campus_federal","2005","https://isb.ufam.edu.br/apresentacao.html","Presença da UFAM desde os anos 1970 (primeiro pólo do interior, ano específico não encontrado), Unidade Acadêmica criada pela Res. 026/2005-CONSUNI (25/11/2005), renomeado ISB em 2006","2026-09-20"
"UFAM","Humaitá","1301704","UFAM - Campus Humaitá (IEAA)","campus_federal","2005","https://ieaa.ufam.edu.br/o-ieaa.html","Campus Universitário do Polo Vale do Rio Madeira criado pelas Res. 023/2005 e 028/2005-CONSUNI, página da UFAM traz data conflitante 04/10/2006, prevalece a página oficial do IEAA (2005), renomeado IEAA em 2009","2026-09-20"
"UFAM","Itacoatiara","1301902","UFAM - Campus Itacoatiara (ICET)","campus_federal","2006","https://www.icet.ufam.edu.br/apresentacao.html","Campus Avançado instalado em 1991 (formação de professores por convênios), Campus Universitário Moysés Benarrós Israel criado pela Res. 021/2005-CONSUNI, Unidade Acadêmica Permanente em 2006 (data mais recente adotada), ICET desde 2007","2026-09-20"
"UFAM","Manaus","1302603","UFAM - Campus Manaus (sede)","campus_federal","1965","https://pt.wikipedia.org/wiki/Universidade_Federal_do_Amazonas","Federalizada como Universidade do Amazonas pela Lei 4.069-A de 12/06/1962, instalação efetiva 17/01/1965 (data mais recente adotada), renomeada UFAM em 2002 (Lei 10.468)","2026-09-20"
"UFAM","Manaus","1302603","Escola Universitária Livre de Manáos","escola_predecessora","1909","https://pt.wikipedia.org/wiki/Universidade_Federal_do_Amazonas","Fundada 17/01/1909, transformada em Universidade de Manáos em 1913 e desativada em 1926","2026-09-20"
"UFAM","Parintins","1303403","UFAM - Campus Parintins (ICSEZ)","campus_federal","2007","https://icsez.ufam.edu.br/sobre-o-icsez.html","Campus Universitário Dorval Varela Moura criado pelas Res. 022/2005 e 025/2006-CONSUNI, instalação oficial 24/09/2007 (data mais recente adotada), vinculado ao REUNI","2026-09-20"
"UFBA","Salvador","2927408","UFBA - Campus Ondina (sede)","campus_federal","1946","https://portal.ufba.br/historico","Decreto-Lei 9.155 de 05/04/1946","2026-09-20"
"UFBA","Vitória da Conquista","2933307","UFBA - Instituto Multidisciplinar em Saúde (Campus Anísio Teixeira)","campus_federal","2005","https://ufba.br/sites/portal.ufba.br/files/resol_0205_2.pdf","Campus novo criado pela Res. CONSUNI 02/05 de 18/07/2005, sem escola predecessora (FABC/Fundação Acadêmica de Conquista não confirmada, Afya e FFP/UESB são instituições distintas)","2026-09-20"
"UFC","Fortaleza","2304400","UFC - Campus Fortaleza (sede)","campus_federal","1955","https://pt.wikipedia.org/wiki/Universidade_Federal_do_Ceará","Lei 2.373 de 16/12/1954, instalação em 16/06/1955 (data mais recente adotada)","2026-09-20"
"UFC","Fortaleza","2304400","Faculdades fundadoras (Direito 1903, Farmácia e Odontologia 1916, Agronomia 1918, Medicina 1948)","escola_predecessora","1903","https://pt.wikipedia.org/wiki/Universidade_Federal_do_Ceará","Faculdade Livre de Direito do Ceará fundada em 1903 pela Associação Comercial, Farmácia e Odontologia federalizada em 1950, Agronomia ligada ao Ministério da Agricultura, Medicina privada de 1948, todas incorporadas na criação da UFC","2026-09-20"
"UFC","Quixadá","2311306","UFC - Campus Quixadá","campus_federal","2007","https://pt.wikipedia.org/wiki/Universidade_Federal_do_Ceará","Unidade acadêmica adotada pelo Provimento 15/CONSUNI de 04/09/2006, campus inaugurado em 17/09/2007 (data mais recente adotada), sem escola predecessora (UECE/FECLESC é estadual e distinta)","2026-09-20"
"UFC","Sobral","2312908","UFC - Campus Sobral","campus_federal","2006","https://pt.wikipedia.org/wiki/Faculdade_de_Medicina_da_Universidade_Federal_do_Ceará","Curso de Medicina implantado pela UFC em 2001 (FAMED), demais cursos aprovados em 2006 passaram a configurar o campus (data mais recente adotada), sem escola predecessora","2026-09-20"
"UFCG","Cajazeiras","2503704","UFCG - Campus Cajazeiras (CFP)","campus_federal","2002","http://www.planalto.gov.br/ccivil_03/Leis/2002/L10419.htm","UFCG criada pela Lei 10.419/2002 a partir da UFPb","2026-09-20"
"UFCG","Cajazeiras","2503704","FAFIC - Faculdade de Filosofia, Ciências e Letras de Cajazeiras","escola_predecessora","1970","https://cfp.ufcg.edu.br/portal/index.php/component/content/article?id=567","Fundada 17/01/1970 (Lei Municipal 503/70), mantida pela FESC (Diocese), federalizada pela UFPb em 1979 (Res. CONSUNI 136/79 e 62/79) tornando-se o CFP, integra também a Escola Técnica de Saúde de Cajazeiras (1980)","2026-09-20"
"UFCG","Campina Grande","2504009","UFCG - Campus Campina Grande (sede)","campus_federal","2002","http://www.planalto.gov.br/ccivil_03/Leis/2002/L10419.htm","Sede da UFCG criada pela Lei 10.419/2002 a partir do Campus II da UFPb","2026-09-20"
"UFCG","Campina Grande","2504009","Escola Politécnica da Paraíba","escola_predecessora","1952","https://portal.ufcg.edu.br/conheca-a-ufcg.html","Curso de Engenharia Civil autorizado em 1953, juntamente com a Faculdade de Ciências Econômicas (1955) integrou a UFPb como Campus II em 1973 (infobox da Wikipédia registra 1970)","2026-09-20"
"UFCG","Cuité","2505105","UFCG - Campus Cuité (CES)","campus_federal","2006","https://portal.ufcg.edu.br/conheca-a-ufcg.html","Centro de Educação e Saúde criado em 2006 no programa de expansão (REUNI), sem escola predecessora","2026-09-20"
"UFCG","Patos","2510808","UFCG - Campus Patos (CSTR)","campus_federal","2002","http://www.planalto.gov.br/ccivil_03/Leis/2002/L10419.htm","CSTR transferido da UFPb para a UFCG pela Lei 10.419/2002","2026-09-20"
"UFCG","Patos","2510808","Fundação Francisco Mascarenhas (FFM)","escola_predecessora","1964","https://cstr.ufcg.edu.br/index.php/direcao-de-centro","Criada 01/05/1964, cursos de Agronomia e Medicina Veterinária desde 1970, estrutura e equipamentos doados à UFPb na interiorização dos anos 1970, a FFM/UNIFIP permaneceu como instituição privada","2026-09-20"
"UFCG","Pombal","2512101","UFCG - Campus Pombal (CCTA)","campus_federal","2008","https://portal.ufcg.edu.br/conheca-a-ufcg.html","Centro de Ciências e Tecnologia Agroalimentar criado em 2008 no âmbito da expansão (REUNI), sem escola predecessora","2026-09-20"
"UFCG","Sousa","2516201","UFCG - Campus Sousa (CCJS)","campus_federal","2002","http://www.planalto.gov.br/ccivil_03/Leis/2002/L10419.htm","Lei 10.419/2002","2026-09-20"
"UFCG","Sousa","2516201","Faculdade de Direito de Sousa","escola_predecessora","1971","https://pt.wikipedia.org/wiki/Sousa_(Para%C3%ADba)","Criada por lei municipal em 1971, incorporada à UFPb em 1979","2026-09-20"
"UFCSPA","Porto Alegre","4314902","UFCSPA - Campus Porto Alegre (sede)","campus_federal","2008","https://www.planalto.gov.br/ccivil_03/_ato2007-2010/2008/lei/l11641.htm","Transformada em universidade pela Lei 11.641 de 11/01/2008","2026-09-20"
"UFCSPA","Porto Alegre","4314902","Faculdade Católica de Medicina de Porto Alegre","escola_predecessora","1953","https://ufcspa.edu.br/sobre-a-ufcspa/quem-somos/nossa-historia","Proposta aprovada 08/12/1953, aula inaugural 22/03/1961 (marco histórico adotado pela própria instituição), federalizada em 1980 pela Lei 6.891 (FFFCMPA)","2026-09-20"
"UFERSA","Mossoró","2408003","UFERSA - Campus Mossoró (sede)","campus_federal","2005","https://www.planalto.gov.br/ccivil_03/_ato2004-2006/2005/lei/l11155.htm","Lei 11.155 de 02/12/2005, transformação da ESAM em universidade federal","2026-09-20"
"UFERSA","Mossoró","2408003","ESAM - Escola Superior de Agricultura de Mossoró","escola_predecessora","1967","https://www.planalto.gov.br/ccivil_03/_ato2004-2006/2005/lei/l11155.htm","Escola estadual do RN, origem da UFERSA","2026-09-20"
"UFES","Alegre","3200201","UFES - Campus Alegre (CCA)","campus_federal","1976","https://alegre.ufes.br/historia","Funcionou como Centro Agropecuário da UFES (CAUFES) a partir de 1976, renomeado CCA em 2001","2026-09-20"
"UFES","Alegre","3200201","Escola Superior de Agronomia do Espírito Santo (ESAES)","escola_predecessora","1969","https://alegre.ufes.br/historia","Autarquia estadual criada pela Lei 2.434 de 06/08/1969, funcionou a partir de 18/03/1971, doada à UFES pelo Decreto Estadual 752-N de 04/12/1975 e Decreto federal 79.246 de 10/02/1977","2026-09-20"
"UFES","São Mateus","3204906","UFES - Campus São Mateus (Ceunes)","campus_federal","2005","https://saomateus.ufes.br/historico","Interiorização da UFES com aulas desde 08/03/1991, Centro Universitário Norte do Espírito Santo (Ceunes) formalmente criado em 2005 (data mais recente adotada)","2026-09-20"
"UFES","Vitória","3205309","UFES - Campus Vitória (sede, Goiabeiras)","campus_federal","1961","https://www.ufes.br/hist%C3%B3ria","Federalização em 30/01/1961, campus de Goiabeiras implantado após desapropriação de 1967","2026-09-20"
"UFES","Vitória","3205309","Faculdade de Direito do Espírito Santo","escola_predecessora","1930","https://www.ufes.br/hist%C3%B3ria","Fundada 04/10/1930, reunida na Universidade do Espírito Santo (estadual, Lei 806 de 05/05/1954) com Odontologia, Educação Física, Escola Politécnica, Filosofia, Belas Artes e Ciências Econômicas","2026-09-20"
"UFF","Angra dos Reis","3300100","UFF - Instituto de Educação de Angra dos Reis (IEAR)","campus_federal","2008","https://iear.uff.br/historico/","Presença da UFF desde proposta 04/1991 e aula inaugural 06/1992 em parceria com a Prefeitura,  IEAR criado em 2008 (data mais recente adotada)","2026-09-20"
"UFF","Campos dos Goytacazes","3301009","UFF - Campus Campos dos Goytacazes (ICSDR)","campus_federal","1999","https://campos.uff.br/apresentacao/","Presença da UFF desde 1962 (curso de Serviço Social), sede própria 1975, Instituto criado 28/07/1999 (data mais recente adotada,  Wikipédia registra 1998),  Faculdade de Medicina de Campos (1967, privada) não é predecessora","2026-09-20"
"UFF","Macaé","3302403","UFF - Campus Macaé (ICM)","campus_federal","2012","http://icm.sites.uff.br/?page_id=190","Cursos instalados em 1992 (aulas 03/1993) por convênio UFF-Prefeitura/FUNEMAC, campus instituído 25/07/2012 (data mais recente adotada), ICM criado 2013","2026-09-20"
"UFF","Niterói","3303302","UFF - Campus Niterói (sede)","campus_federal","1961","https://www.planalto.gov.br/ccivil_03/leis/1950-1969/l3848.htm","Lei 3.848 de 18/12/1960, instalação solene 11/04/1961 (data mais recente adotada), nome UFF em 1965 (Lei 4.831)","2026-09-20"
"UFF","Niterói","3303302","Faculdades fundadoras (Farmácia e Odontologia 1912, Direito Teixeira de Freitas 1912)","escola_predecessora","1912","https://pt.wikipedia.org/wiki/Universidade_Federal_Fluminense","Também Medicina (1925, federalizada 1950), Veterinária (1936), Enfermagem (1944), Serviço Social (1945), Engenharia (1952), Econômicas (1942) e Filosofia (1947)","2026-09-20"
"UFF","Nova Friburgo","3303401","UFF - Instituto de Saúde de Nova Friburgo (ISNF)","campus_federal","2007","https://www.uff.br/setor/instituto-de-saude-de-nova-friburgo/","Implantação via REUNI iniciada em 2007,  ano exato de criação do ISNF não confirmado nas fontes consultadas","2026-09-20"
"UFF","Nova Friburgo","3303401","Faculdade de Odontologia de Nova Friburgo","escola_predecessora","1970","https://acervo.avozdaserra.com.br/noticias/amancio-azevedo-um-nome-que-ficou-impresso-para-sempre-na-historia-de-friburgo","Faculdade particular fundada pelo prefeito Amâncio Mário de Azevedo, funcionava no Palácio do Barão de Duas Barras,  ano de incorporação pela UFF não encontrado","2026-09-20"
"UFF","Rio das Ostras","3304524","UFF - Campus Rio das Ostras (ICT/IHS)","campus_federal","2007","https://www.uff.br/setor/instituto-de-ciencia-e-tecnologia/","Implantação do Polo Universitário iniciada em 2003, ampliação consolidada pelo REUNI a partir de 2007 (data mais recente adotada)","2026-09-20"
"UFF","Santo Antônio de Pádua","3304706","UFF - Instituto do Noroeste Fluminense (INFES)","campus_federal","2012","https://www.uff.br/setor/instituto-do-noroeste-fluminense-de-educacao-superior/","Curso de Licenciatura em Matemática da UFF desde 1984 (Wikipédia registra 1985), INFES criado pela Resolução CUV 75/2009 e inaugurado em 2012 (data mais recente adotada)","2026-09-20"
"UFF","Volta Redonda","3306305","UFF - Escola de Engenharia Industrial Metalúrgica de Volta Redonda (EEIMVR)","campus_federal","1969","https://www.uff.br/setor/escola-de-engenharia-industrial-metalurgica-de-volta-redonda/","Curso de Metalurgia implantado em 1961 por convênio UFF-CSN, escola criada em 1968, Decreto 64.272 de 21/03/1969 (data mais recente adotada)","2026-09-20"
"UFG","Goiânia","5208707","UFG - Campus Samambaia e Colemar Natal e Silva (sede)","campus_federal","1961","https://pt.wikipedia.org/wiki/Universidade_Federal_de_Goi%C3%A1s","Lei 3.834-C de 14/12/1960, instalação 25/01/1961 (data mais recente adotada), campus Samambaia em obras desde 1971","2026-09-20"
"UFG","Goiânia","5208707","Faculdade de Direito de Goiás","escola_predecessora","1898","https://pt.wikipedia.org/wiki/Faculdade_de_Direito_da_Universidade_Federal_de_Goi%C3%A1s","Origem na Academia de Direito de Goiás de 13/08/1898, reaberta em 1921 como Faculdade Livre de Direito, federalizada em 1950, transferida para Goiânia em 1937, outras unidades fundadoras da UFG: Farmácia e Odontologia (1922/1947), Conservatório Goiano de Música (1947), Escola de Engenharia do Brasil Central (1958), Faculdade de Medicina (1960)","2026-09-20"
"UFG","Goiás","5208905","UFG - Câmpus Cidade de Goiás (CCG)","campus_federal","2009","https://web.archive.org/web/20200502165641/https://www.ufg.br/p/27462-regional-goias","Convênio Prefeitura-UFG de 1989 com curso de Direito (extensão) desde 1990, cursos do REUNI propostos em 2008, câmpus criado em 2009 (data mais recente adotada), Regional desde 2014","2026-09-20"
"UFGD","Dourados","5003702","UFGD - Campus Dourados (sede)","campus_federal","2006","https://www.planalto.gov.br/ccivil_03/_Ato2004-2006/2005/Lei/L11153.htm","Criada pela Lei 11.153 de 29/07/2005 pelo desmembramento do CEUD/UFMS, instalação em 01/01/2006 (data mais recente adotada)","2026-09-20"
"UFGD","Dourados","5003702","Centro Pedagógico de Dourados (UEMT)","escola_predecessora","1970","https://portal.ufgd.edu.br/reitoria/aufgd/historico","Inaugurado 20/12/1970 (funcionamento 02/1971) como unidade da Universidade Estadual de Mato Grosso, federalizado à UFMS em 1979 (Lei 6.674), depois Câmpus de Dourados e Centro Universitário de Dourados (CEUD)","2026-09-20"
"UFJF","Juiz de Fora","3136702","UFJF - Campus Juiz de Fora (sede)","campus_federal","1960","https://www2.ufjf.br/ufjf/sobre/historia/","Criada em 23/12/1960","2026-09-20"
"UFLA","Lavras","3138203","UFLA - Campus Lavras (sede)","campus_federal","1994","https://pt.wikipedia.org/wiki/Universidade_Federal_de_Lavras","Lei 8.956 de 15/12/1994 (Wikipédia EN cita 23/12/1994, prevalece a data oficial da lei)","2026-09-20"
"UFLA","Lavras","3138203","Escola Agrícola de Lavras","escola_predecessora","1908","https://ufla.br/acesso-a-informacao/10-institucional/sobre-a-ufla/1-historia","Fundada 05/09/1908, renomeada Escola Superior de Agricultura de Lavras (ESAL) em 1938, federalizada em 1963","2026-09-20"
"UFMA","Chapadinha","2103208","UFMA - Campus Chapadinha","campus_federal","2010","https://portais.ufma.br/PortalUfma/paginas/noticias/noticia.jsf?id=9741","Campus IV criado pela Resolução 08/81 do CONSUNI (1981), interiorização planejada desde 1978, inauguração em 29/11/2010 no REUNI (data mais recente adotada), a FAP é privada e não predecessora","2026-09-20"
"UFMA","Codó","2103307","UFMA - Campus Codó","campus_federal","2010","https://portalpadrao.ufma.br/codo/campus/breve-historico","CRUTAC instalado em 1972 (núcleo da própria UFMA), curso de Pedagogia 1988, cursos do REUNI desde 2010 (data mais recente adotada), novo prédio inaugurado 09/10/2015","2026-09-20"
"UFMA","Imperatriz","2105302","UFMA - Campus Imperatriz","campus_federal","2005","https://portalpadrao.ufma.br/imperatriz/campus/breve-historico","Primeiros cursos (Direito e Pedagogia) implantados em 1980, campus consolidado em 2005 (data mais recente adotada), a trajetória ENPI/FEI/FESI/FESM/UEMA/UEMASUL pertence à instituição estadual","2026-09-20"
"UFMA","São Luís","2111300","UFMA - Campus do Bacanga (sede)","campus_federal","1972","https://portalpadrao.ufma.br/site/institucional/historico","Universidade criada pela Lei 5.152/1966, campus do Bacanga implantado em 1972 (data mais recente adotada)","2026-09-20"
"UFMG","Belo Horizonte","3106200","UFMG - Campus Pampulha (sede)","campus_federal","1949","https://pt.wikipedia.org/wiki/Hist%C3%B3ria_da_Universidade_Federal_de_Minas_Gerais","UMG criada em 07/09/1927 pela união das escolas, federalizada em 1949 (data mais recente adotada), nome UFMG desde 1965","2026-09-20"
"UFMG","Belo Horizonte","3106200","Faculdade de Direito de Minas Gerais","escola_predecessora","1892","https://www.ufmg.br/95anos/historia-da-ufmg/","Criada em 1892 em Ouro Preto e transferida para Belo Horizonte em 1898, junto com Escola Livre de Odontologia (1907), Faculdade de Medicina (1911) e Escola de Engenharia (1911) na origem da UMG","2026-09-20"
"UFMG","Montes Claros","3143302","UFMG - Campus Montes Claros (ICA)","campus_federal","1968","https://www.ufmg.br/montesclaros/","Transferência do colégio agrícola à UFMG em 1968, hoje Instituto de Ciências Agrárias, FACIT/FUNORTE é privada e Unimontes é estadual (distintas)","2026-09-20"
"UFMG","Montes Claros","3143302","Colégio Agrícola Antônio Versiani Athayde","escola_predecessora","1964","https://www.ufmg.br/95anos/historia-da-ufmg/","Criado pelo Ministério da Agricultura em 1964, transferido à UFMG em 1968 (Decreto 63.416)","2026-09-20"
"UFMS","Aquidauana","5001102","UFMS - Campus Aquidauana (CPAQ)","campus_federal","1979","https://www.ufms.br/universidade/campus-ufms/campus/ufms-de-aquidauana/","Lei 6.674 de 05/07/1979","2026-09-20"
"UFMS","Aquidauana","5001102","Centro Pedagógico de Aquidauana (CPA)","escola_predecessora","1970","https://cpaq.ufms.br/00-novos/historico-do-campus-de-aquidauana-cpaq/","Criado pelo Decreto Estadual 1.146 de 13/08/1970, integrado à UEMT, federalizado com a criação da UFMS em 1979","2026-09-20"
"UFMS","Campo Grande","5002704","UFMS - Campus Campo Grande (sede)","campus_federal","1979","https://www.ufms.br/universidade/historico/","Federalização da UEMT pela Lei 6.674 de 05/07/1979, criando a UFMS","2026-09-20"
"UFMS","Campo Grande","5002704","Faculdade de Farmácia e Odontologia de Campo Grande","escola_predecessora","1962","https://www.ufms.br/universidade/historico/","Incorporada ao Instituto de Ciências Biológicas de Campo Grande em 1966 (Lei Estadual 2.620), integrada à UEMT em 1969 (Lei Estadual 2.947), embrião da sede","2026-09-20"
"UFMS","Chapadão do Sul","5002951","UFMS - Campus Chapadão do Sul (CPCS)","campus_federal","2006","https://cpcs.ufms.br/apresentacao/","Implantado em meados de 2006 com o curso de Agronomia, datas divergentes nas fontes (Memorial cita 2005, Wikipédia 2008), sem escola predecessora","2026-09-20"
"UFMS","Corumbá","5003207","UFMS - CPAN (Campus do Pantanal)","campus_federal","1979","https://cpan.ufms.br/historico-do-cpan/","Incorporado à UFMS em 1979","2026-09-20"
"UFMS","Corumbá","5003207","ISPC - Instituto Superior de Pesquisas Científicas","escola_predecessora","1967","https://cpan.ufms.br/historico-do-cpan/","Decreto Estadual 402 de 13/11/1967, transformado em UEMT em 1969","2026-09-20"
"UFMS","Coxim","5003306","UFMS - Campus Coxim (CPCX)","campus_federal","2001","https://www.ufms.br/universidade/campus-ufms/campus/ufms-de-coxim/","Implantado pelo Convênio 072/2001 UFMS-Prefeitura, aulas iniciadas 06/08/2001, sem escola predecessora","2026-09-20"
"UFMS","Nova Andradina","5006200","UFMS - Campus Nova Andradina (CPNA)","campus_federal","2006","https://www.ufms.br/universidade/campus-ufms/campus/ufms-de-nova-andradina/","Criado pela Resolução COUN 64 de 12/12/2005, atividades iniciadas em 07/2006 (data mais recente adotada), sede própria inaugurada 23/10/2009 (Wikipédia cita 2009)","2026-09-20"
"UFMS","Paranaíba","5006309","UFMS - Campus Paranaíba (CPAR)","campus_federal","2001","https://www.ufms.br/universidade/campus-ufms/campus/ufms-de-paranaiba/","Previsto no Regimento Geral de 2000, cursos criados pela Resolução COUN 10 de 03/05/2001, Convênio UFMS-Prefeitura de 05/08/2001 (data mais recente adotada), sem escola predecessora","2026-09-20"
"UFMS","Três Lagoas","5008305","UFMS - Campus Três Lagoas (CPTL)","campus_federal","1979","https://cptl.ufms.br/pagina-inicial/historico/","Federalização pela Lei 6.674 de 1979, Ceul/CPTL desde 2000 (Portaria MEC 1.100/1999)","2026-09-20"
"UFMS","Três Lagoas","5008305","Instituto de Ciências Humanas e Letras de Três Lagoas","escola_predecessora","1967","https://cptl.ufms.br/pagina-inicial/historico/","Fundação estadual de 1967, integrado à UEMT em 1969 (Lei Estadual 2.947), Centro Pedagógico de Três Lagoas pela Lei Estadual 2.972 de 02/01/1970, 1º vestibular em 25-27/01/1970","2026-09-20"
"UFMT","Cuiabá","5103403","UFMT - Campus Cuiabá (sede)","campus_federal","1970","https://pt.wikipedia.org/wiki/Universidade_Federal_de_Mato_Grosso","Lei 5.647 de 10/12/1970, criada já como federal (hipótese de universidade estadual federalizada em 1975 não confirmada)","2026-09-20"
"UFMT","Cuiabá","5103403","Faculdade de Direito de Cuiabá","escola_predecessora","1952","https://pt.wikipedia.org/wiki/Universidade_Federal_de_Mato_Grosso","Fontes divergem sobre a fundação (1952 na Wikipédia, 1934 em Mundo Educação, adotada a mais recente), junto com o Instituto de Ciências e Letras de Cuiabá (1966) foi incorporada na criação da UFMT","2026-09-20"
"UFMT","Pontal do Araguaia","5106653","UFMT - Campus do Araguaia","campus_federal","1989","https://www.andifes.org.br/2021/11/24/ufmt-campus-do-araguaia-completa-40-anos-de-historia/","Centro Pedagógico de Barra do Garças criado em 1981 (40 anos celebrados em 2021), sede própria em Pontal do Araguaia em 1988/1989 (data mais recente adotada), campus dividido entre Pontal do Araguaia e Barra do Garças","2026-09-20"
"UFMT","Sinop","5107909","UFMT - Campus Sinop","campus_federal","2006","https://pt.wikipedia.org/wiki/Campus_de_Sinop_da_UFMT","IUNMAT fundado em 1992 como campus avançado da própria UFMT, consolidado como campus em 2005/2006 (data mais recente adotada)","2026-09-20"
"UFOP","João Monlevade","3136207","UFOP - Campus João Monlevade (ICEA)","campus_federal","2011","https://icea.ufop.br/instituto/historia","Curso de Engenharia de Produção criado em 2001 e campus inaugurado 22/09/2002, cursos do REUNI em 2009, tornou-se instituto em 08/03/2010 com denominação ICEA consolidada em 2011 (data mais recente adotada), sem IES predecessora","2026-09-20"
"UFOP","Mariana","3140001","UFOP - Campus Mariana (ICSA)","campus_federal","2008","https://icsa.ufop.br/news/18-anos-de-contribui%C3%A7%C3%B5es-sociais-e-acad%C3%AAmicas-em-mariana","ICHS herdeiro da FAFIM desde 1979, ICSA criado pelo REUNI com início das atividades em 2008 (data mais recente adotada)","2026-09-20"
"UFOP","Mariana","3140001","FAFIM - Faculdade de Filosofia de Mariana","escola_predecessora","1969","https://ichs.ufop.br/","Ligada à PUC-MG e mantida pela Fundação Marianense de Educação (1964), cursos de licenciatura iniciados em 12/02/1969, incorporada à UFOP em 09/11/1979 (ICHS)","2026-09-20"
"UFOP","Ouro Preto","3146107","UFOP - Campus Ouro Preto (sede)","campus_federal","1969","https://www.ufop.br/historia-da-ufop","Decreto-Lei 778 de 21/08/1969","2026-09-20"
"UFOP","Ouro Preto","3146107","Escola de Farmácia de Ouro Preto","escola_predecessora","1839","https://www.ufop.br/historia-da-ufop","Fundada 04/04/1839 (Lei provincial 140), primeira do país na área, federalizada na criação da UFOP em 1969, juntamente com a Escola de Minas (1876, Claude Henri Gorceix)","2026-09-20"
"UFPA","Abaetetuba","1500107","UFPA - Campus Abaetetuba (Baixo Tocantins)","campus_federal","1987","https://ufpa.br/orgaos/campus-universitario-de-abaetetuba/","Programa de Interiorização (Resolução 1.355 de 03/02/1986), implantado em 1987 em escolas cedidas pela prefeitura","2026-09-20"
"UFPA","Altamira","1500602","UFPA - Campus Altamira","campus_federal","1987","https://altamira.ufpa.br/index.php/historico.html","Resolução 1.355 (interiorização da UFPA)","2026-09-20"
"UFPA","Belém","1501402","UFPA - Campus Belém (sede, Guamá)","campus_federal","1959","https://ufpa.br/historico/","Decreto 3.191 de 02/07/1957, instalação solene 31/01/1959 (data mais recente adotada), campus do Guamá inaugurado 13/08/1968","2026-09-20"
"UFPA","Belém","1501402","Faculdade Livre de Direito do Pará (e faculdades fundadoras)","escola_predecessora","1902","https://ufpa.br/historico/","Sete faculdades fundadoras: Direito (1902), Farmácia (1903), Odontologia (1914), Medicina (1919), Engenharia (1931), Ciências Econômicas (1947) e Filosofia de Belém (1948), encampadas na criação da universidade em 1957","2026-09-20"
"UFPA","Bragança","1501709","UFPA - Campus Bragança","campus_federal","1987","https://www.campusbraganca.ufpa.br/historico","Campus avançado criado na interiorização, Parecer 629/87 do CFE de 04/08/1987, cursos regulares desde 1992","2026-09-20"
"UFPA","Breves","1501808","UFPA - Campus Breves (Marajó)","campus_federal","2006","https://ufpa.br/orgaos/campus-universitario-de-breves/","Núcleo subordinado a Soure criado em 1990, base física inaugurada em 2000, elevado a campus em 2006 (data mais recente adotada)","2026-09-20"
"UFPA","Cametá","1502103","UFPA - Campus Cametá (Tocantins)","campus_federal","1987","https://www.campuscameta.ufpa.br/index.php/historico","Instalado em 1987 nas dependências da Escola Municipal Maria Cordeiro de Castro, doada à UFPA pela Lei Municipal 1.207 de 27/03/1991","2026-09-20"
"UFPA","Castanhal","1502400","UFPA - Campus Castanhal","campus_federal","1978","https://campuscastanhal.ufpa.br/?page_id=182","Convênio assinado em sessão solene em 14/04/1978 (data oficial, algumas fontes citam 1986), a Escola Agrotécnica Federal de Castanhal pertence ao IFPA (Lei 11.892/2008)","2026-09-20"
"UFPA","Soure","1507904","UFPA - Campus Soure (Marajó)","campus_federal","1990","https://www.soure.ufpa.br/historico","Polo regional criado em 1986, 1º vestibular do interior em 1987, Núcleo Universitário inaugurado em 1990 (data mais recente adotada)","2026-09-20"
"UFPA","Tucuruí","1508100","UFPA - Campus Tucuruí","campus_federal","2009","https://ufpa.br/orgaos/campus-universitario-de-tucurui/","Núcleo Universitário criado em 2005, Faculdade de Engenharia em 2007, Campus Universitário em 2009 (data mais recente adotada)","2026-09-20"
"UFPB","Areia","2501104","UFPB - Campus Areia (CCA)","campus_federal","1968","https://www.cca.ufpb.br/cca/contents/menu/institucional/sobre-cca/historico","Vinculada à UFPb pelo Decreto 62.715 de 16/05/1968, CCA desde dezembro de 1978","2026-09-20"
"UFPB","Areia","2501104","Escola de Agronomia da Parahyba","escola_predecessora","1934","https://www.cca.ufpb.br/cca/contents/menu/institucional/sobre-cca/historico","Criada pelo Decreto Estadual 478 de 12/01/1934, inaugurada 15/04/1936, federalizada pela Lei 1.055 de 16/01/1950, primeiro curso superior da Paraíba","2026-09-20"
"UFPB","Bananeiras","2501500","UFPB - Campus Bananeiras (CCHSA)","campus_federal","1976","https://www.cchsa.ufpb.br/sobre-o-cchsa/","Vinculação do CAVN à UFPb em 1976 com criação do Centro de Formação de Tecnólogos (curso superior desde 09/1976), CCHSA desde março de 2008","2026-09-20"
"UFPB","Bananeiras","2501500","Patronato Agrícola Vidal de Negreiros","escola_predecessora","1924","https://www.cchsa.ufpb.br/memorial-cchsa-cavn/","Datas divergentes de fundação (1913 na página institucional, setembro de 1924 no Memorial, adotada a mais recente), criado pelo Ministério da Agricultura, evoluiu para Colégio Agrícola Vidal de Negreiros (CAVN)","2026-09-20"
"UFPB","João Pessoa","2507507","UFPB - Campus João Pessoa (sede)","campus_federal","1960","https://www.ufpb.br/apresentacao/","Universidade da Paraíba criada pela Lei Estadual 1.366 de 02/12/1955, federalizada pela Lei 3.835 de 13/12/1960 (data mais recente adotada)","2026-09-20"
"UFPB","João Pessoa","2507507","Faculdades fundadoras (Econômicas 1947, Direito 1951, Medicina 1951)","escola_predecessora","1947","https://www.ufpb.br/historia/","Onze escolas reunidas em 1955, incluindo Engenharia (1952), Enfermagem (1953), Filosofia, Odontologia e Farmácia, além da Agronomia de Areia e da Escola Politécnica de Campina Grande","2026-09-20"
"UFPB","Mamanguape","2508901","UFPB - Campus Mamanguape (CCAE)","campus_federal","2006","https://www.ccae.ufpb.br/apresentacao/","Campus IV do Litoral Norte criado pelo programa de expansão, projeto em 2005 e aprovação MEC/CONSUNI em 2006 (data mais recente adotada), campus desmembrado entre Mamanguape e Rio Tinto","2026-09-20"
"UFPB","Rio Tinto","2512903","UFPB - Campus Rio Tinto (CCAE)","campus_federal","2006","https://www.ccae.ufpb.br/apresentacao/","Unidade do Campus IV do Litoral Norte criado pelo programa de expansão, projeto em 2005 e aprovação MEC/CONSUNI em 2006 (data mais recente adotada)","2026-09-20"
"UFPE","Caruaru","2604106","UFPE - Campus Caruaru (CAA Agreste)","campus_federal","2006","https://www.ufpe.br/caa/sobre-o-caa","Campus novo inaugurado em março de 2006 (hipótese de 2005 não confirmada), campus definitivo em Nova Caruaru desde 2009, primeiro campus da UFPE no interior","2026-09-20"
"UFPE","Recife","2611606","UFPE - Campus Recife (sede)","campus_federal","1946","https://www.ufpe.br/institucional/historia","Universidade do Recife criada pelo Decreto-Lei 9.388 de 20/06/1946 e instalada em 11/08/1946 (data mais recente adotada), nome UFPE em 1965 ou 1967 (fontes divergem)","2026-09-20"
"UFPE","Recife","2611606","Faculdade de Direito do Recife (origem em Olinda, 1827)","escola_predecessora","1827","https://pt.wikipedia.org/wiki/Faculdade_de_Direito_do_Recife","Criada por Carta Imperial de 11/08/1827 em Olinda, reunida na Universidade do Recife (1946) com Engenharia (1895), Farmácia (1903), Odontologia (1913), Medicina (1915), Belas Artes (1932) e Filosofia (1940)","2026-09-20"
"UFPE","Vitória de Santo Antão","2616407","UFPE - Campus Vitória (CAV)","campus_federal","2006","https://www.ufpe.br/cav/sobre","Em funcionamento desde 21/08/2006, prédio de 1927 que já abrigou hospital e escola agrotécnica é espaço físico predecessor, não instituição incorporada","2026-09-20"
"UFPEL","Capão do Leão","4304663","UFPEL - Campus Capão do Leão","campus_federal","1969","http://portal.ufpel.edu.br/historico/","UFPel criada em 08/08/1969, município emancipado de Pelotas apenas em 1982","2026-09-20"
"UFPEL","Capão do Leão","4304663","Imperial Escola de Medicina Veterinária e Agricultura Prática","escola_predecessora","1883","https://wp.ufpel.edu.br/faem/","Fundada 08/12/1883, Escola de Agronomia e Veterinária Eliseu Antunes Maciel (nome em 1926), Universidade Rural do Sul em 1960, federalizada ao MEC em 1967 (Decreto 60.731)","2026-09-20"
"UFPEL","Pelotas","4314407","UFPEL - Campus Pelotas (sede)","campus_federal","1969","http://portal.ufpel.edu.br/historico/","Decreto-Lei 750 de 08/08/1969, estrutura pelo Decreto 65.881/69, agregação de Medicina do IPESSE, Conservatório de Música e Belas Artes em 16/12/1969","2026-09-20"
"UFPEL","Pelotas","4314407","Faculdade de Odontologia de Pelotas","escola_predecessora","1911","https://pt.wikipedia.org/wiki/Universidade_Federal_de_Pelotas","Junto com a Faculdade de Direito de Pelotas (1912, federalizada em 1950 pela Lei 1.254) e o Instituto de Sociologia e Política (1958), núcleo formador da UFPel","2026-09-20"
"UFPI","Bom Jesus","2201903","UFPI - Campus Cinobelina Elvas (Bom Jesus)","campus_federal","2006","https://www.ufpi.br/cpce-bomjesus","Campus de graduação criado e inaugurado em 14/11/2006 pelo programa de expansão (REUNI)","2026-09-20"
"UFPI","Bom Jesus","2201903","Colégio Agrícola de Bom Jesus (CABJ)","escola_predecessora","1981","https://ufpi.br/historico-ctbj","Criado pelo Ato da Reitoria UFPI 02/81, 1ª turma do Técnico em Agropecuária em 21/03/1982, renomeado Colégio Técnico de Bom Jesus em 2016","2026-09-20"
"UFPI","Floriano","2203909","UFPI - Campus Amílcar Ferreira Sobral (CAFS)","campus_federal","2009","https://ufpi.br/o-cafs-floriano","Nome atribuído pelo Ato da Reitoria 322/95, atividades de graduação iniciadas em 10/03/2009 no prédio do CTF (data mais recente adotada, REUNI-II)","2026-09-20"
"UFPI","Floriano","2203909","Colégio Agrícola de Floriano (CAF)","escola_predecessora","1979","https://ufpi.br/historico-ctf","Fundado pela Resolução 01/79 de 03/01/1979 (criação atribuída a 19/03/1979), renomeado Colégio Técnico de Floriano em 2016","2026-09-20"
"UFPI","Picos","2208007","UFPI - Campus Senador Helvídio Nunes de Barros (Picos)","campus_federal","2006","https://pt.wikipedia.org/wiki/Campus_Senador_Helv%C3%ADdio_Nunes_de_Barros_da_Universidade_Federal_do_Piau%C3%AD","Campus criado em 1982, fechado em 1987 e reaberto em 1991, oficialização com 7 novos cursos via REUNI em 2006 (data mais recente adotada), antecedido por campus avançado da UFG em Picos (1972-1984)","2026-09-20"
"UFPI","Teresina","2211001","UFPI - Campus Ministro Petrônio Portella (sede)","campus_federal","1971","https://ufpi.br/historico","Lei 5.528 de 11/11/1968, instalação oficial 01/03/1971 (data mais recente adotada)","2026-09-20"
"UFPI","Teresina","2211001","Faculdade de Direito do Piauí","escola_predecessora","1931","https://ufpi.br/historico","Faculdade pioneira (federalizada como Faculdade Federal de Direito, incorporada à UFPI em 1973), junto com Odontologia (1960, incorporada em 1971) e Medicina (1966, instalada em 1968)","2026-09-20"
"UFPR","Curitiba","4106902","UFPR - Campus Curitiba (sede)","campus_federal","1950","https://ufpr.br/historico/","Federalização em 1950 (Wikipédia indica 1951), data oficial adotada","2026-09-20"
"UFPR","Curitiba","4106902","Universidade do Paraná (privada)","escola_predecessora","1912","https://ufpr.br/historico/","Fundada 19/12/1912 por Victor Ferreira do Amaral, reconhecida como universidade em 27/03/1913, desmembrada em faculdades isoladas em 1915 e reunificada no fim dos anos 1940","2026-09-20"
"UFPR","Matinhos","4115705","UFPR - Setor Litoral (Matinhos)","campus_federal","2005","https://ufpr.br/ufpr-litoral-celebra-20-anos-de-atuacao-em-matinhos/","Criado pela Resolução 39/2004-COUN de 01/06/2004, 1ª turma no 2º semestre de 2005 (data mais recente adotada), instituído como Setor em dezembro de 2007, origem no projeto UNILITORAL (2005)","2026-09-20"
"UFPR","Palotina","4117909","UFPR - Setor Palotina","campus_federal","1993","https://ufpr.br/setor-palotina-celebra-33-anos-de-criacao-com-cerimonia-festiva-nesta-sexta-feira-10/","Curso de Medicina Veterinária criado em 1992, primeira aula em 13/03/1993 (data mais recente adotada), aulas iniciais no Colégio Agrícola Estadual Adroaldo Augusto Colombo (1983, não incorporado), primeiro campus da UFPR no interior","2026-09-20"
"UFPR","Pontal do Paraná","4119954","UFPR - Centro de Estudos do Mar (Pontal do Paraná)","campus_federal","1982","https://pt.wikipedia.org/wiki/Centro_de_Estudos_do_Mar","Centro de Biologia Marinha criado em 13/03/1982 (renomeado Centro de Estudos do Mar em 1992), campus avançado desde 2009, unidade Mirassol inaugurada em 2014","2026-09-20"
"UFRA","Belém","1501402","UFRA - Campus Belém (sede)","campus_federal","2002","https://www.planalto.gov.br/ccivil_03/leis/2002/l10611.htm","Lei 10.611 de 23/12/2002 transformou a FCAP em UFRA","2026-09-20"
"UFRA","Belém","1501402","Escola de Agronomia da Amazônia (EAA)","escola_predecessora","1945","https://pt.wikipedia.org/wiki/Universidade_Federal_Rural_da_Amaz%C3%B4nia","Criada pelo Decreto-Lei 8.290 de 05/12/1945 anexa ao Instituto Agronômico do Norte (1939), atividades iniciadas em 17/04/1951, transformada em Faculdade de Ciências Agrárias do Pará (FCAP) em 1972","2026-09-20"
"UFRA","Capitão Poço","1502301","UFRA - Campus Capitão Poço","campus_federal","2005","https://capitaopoco.ufra.edu.br/index.php?option=com_content&view=article&id=172&Itemid=262","Instalado em 08/04/2005 em parceria com a Prefeitura, primeiro curso Agronomia (reconhecido 2008), fontes citam REUNI inconsistentemente (programa de 2007)","2026-09-20"
"UFRA","Paragominas","1505502","UFRA - Campus Paragominas","campus_federal","2008","https://paragominas.ufra.edu.br/","Portaria MEC 945, DOU de 05/08/2008","2026-09-20"
"UFRA","Parauapebas","1505536","UFRA - Campus Parauapebas","campus_federal","2001","https://parauapebas.ufra.edu.br/index.php?option=com_content&view=article&id=1599&Itemid=469","Criado em 2001 como extensão da então FCAP (antes da Lei 10.611/2002), funcionou inicialmente no CEUP, primeiro curso (Zootecnia) em 2004, instalações próprias em 2014","2026-09-20"
"UFRB","Amargosa","2901007","UFRB - Campus Amargosa (CFP)","campus_federal","2006","https://ufrb.edu.br/cfp/conheca-o-cfp","UFRB criada pela Lei 11.151 de 29/07/2005 (não pela Lei 10.962/2004), CFP iniciou atividades em 16/10/2006, unidade nova sem IES predecessora","2026-09-20"
"UFRB","Cachoeira","2904902","UFRB - Campus Cachoeira (CAHL)","campus_federal","2006","https://ufrb.edu.br/cahl/cahl","Universidade iniciou atividades em 03/07/2006, unidade nova que ocupa o Quarteirão Leite Alves e prédio da Fundação Hansen Bahia (fundação de artes, não é IES)","2026-09-20"
"UFRB","Cruz das Almas","2909802","UFRB - Campus Cruz das Almas (sede)","campus_federal","2005","https://www.planalto.gov.br/ccivil_03/_ato2004-2006/2005/lei/l11151.htm","Lei 11.151 de 29/07/2005","2026-09-20"
"UFRB","Cruz das Almas","2909802","Escola de Agronomia da Bahia (herdeira do Imperial Instituto Bahiano de Agricultura)","escola_predecessora","1943","https://pt.wikipedia.org/wiki/Cruz_das_Almas","Criada em Cruz das Almas em 1943 pelo Governo Federal, herdeira do Imperial Instituto Bahiano de Agricultura (1859, São Francisco do Conde), integrada à UFBA após 1968, campus da UFRB desde 2006","2026-09-20"
"UFRB","Santo Antônio de Jesus","2928703","UFRB - Campus Santo Antônio de Jesus (CCS)","campus_federal","2006","https://www.ufrb.edu.br/ccs/","Unidade nova instalada junto com a UFRB (atividades desde 03/07/2006), sem IES predecessora","2026-09-20"
"UFRGS","Imbé","4310330","UFRGS - Campus Litoral Norte (CECLIMAR, Imbé)","campus_federal","2014","https://web.archive.org/web/20241223182728/https://www.ufrgs.br/litoral/institucional/historico/","CECLIMAR fundado em 1978 (Margem Sul) ou 1983 (Wikipédia), operações da unidade de Imbé a partir de setembro de 2014 e inauguração oficial em novembro de 2014 (Wikipédia indica dezembro), campi fora de sede previstos no Estatuto apenas em 2015","2026-09-20"
"UFRGS","Porto Alegre","4314902","UFRGS - Campus Porto Alegre (sede)","campus_federal","1950","https://www.ufrgs.br/site/historico/","Universidade de Porto Alegre instalada em maio de 1936, URGS em 1947, federalização em 1950 (data mais recente adotada)","2026-09-20"
"UFRGS","Porto Alegre","4314902","Escolas fundadoras (Farmácia e Química 1895, Engenharia 1896, Medicina 1898, Direito 1900)","escola_predecessora","1895","https://www.ufrgs.br/site/historico/","Também Agronomia e Veterinária (1899), Astronomia (1906), Belas Artes (1908), Eletrotécnica (1910) e Química Industrial (1920), reunidas na Universidade de Porto Alegre (Decreto Estadual 5.758 de 28/11/1934)","2026-09-20"
"UFRJ","Duque de Caxias","3301702","UFRJ - Campus Duque de Caxias (Xerém)","campus_federal","2010","https://pt.wikipedia.org/wiki/Duque_de_Caxias_(Rio_de_Janeiro)","Polo avançado criado por termo de cooperação UFRJ-Inmetro-Prefeitura (2008), cursos implantados no 1º semestre de 2010 (data mais recente adotada), inauguração prevista para 2012, sem escola predecessora","2026-09-20"
"UFRJ","Macaé","3302403","UFRJ - Campus Macaé (Centro Multidisciplinar)","campus_federal","2021","https://portal.macae.ufrj.br/pt_br/sobre/","NUPEM 1994, 1º curso de graduação fora da sede em 2006, campus institucionalizado em 2008, Centro Multidisciplinar criado pela Resolução 13/2021 de 08/07/2021 (data mais recente adotada)","2026-09-20"
"UFRJ","Rio de Janeiro","3304557","UFRJ - Campus Rio de Janeiro (sede)","campus_federal","1920","https://pt.wikipedia.org/wiki/Universidade_Federal_do_Rio_de_Janeiro","Decreto 14.343 de 07/09/1920, Universidade do Brasil em 1937, UFRJ em 1965","2026-09-20"
"UFRJ","Rio de Janeiro","3304557","Escolas fundadoras (Medicina 1808, Engenharia 1792, Direito 1882)","escola_predecessora","1792","https://pt.wikipedia.org/wiki/Universidade_Federal_do_Rio_de_Janeiro","Medicina (Escola de Anatomia, Medicina e Cirurgia, 1808), Engenharia (Real Academia de Artilharia, Fortificação e Desenho, 17/12/1792, depois Escola Polytechnica em 1874), Direito (faculdades livres de 1882 e 1891 fundidas em 24/04/1920), incorporadas na criação da Universidade do Rio de Janeiro","2026-09-20"
"UFRN","Caicó","2402006","UFRN - Campus Caicó (CERES)","campus_federal","1973","http://cnhc.ufrn.br/sobre-o-ceres/","Núcleo Avançado de Caicó criado pela Resolução 83/73 do CONSUNI (04/10/1973), 1º vestibular e aula inaugural em 09/03/1974, CERES desde 1977, faculdade privada de Direito (ESAJ) não encontrada, instalado no Seminário Santo Cura d'Ars","2026-09-20"
"UFRN","Currais Novos","2403103","UFRN - Campus Currais Novos (FELCS)","campus_federal","1977","https://pt.wikipedia.org/wiki/Centro_Regional_de_Ensino_Superior_do_Serid%C3%B3","Campus avançado criado em 1977 já na UFRN e incorporado ao CERES no mesmo ano, hoje Faculdade de Engenharia, Letras e Ciências Sociais do Seridó","2026-09-20"
"UFRN","Natal","2408102","UFRN - Campus Natal (sede)","campus_federal","1960","https://pt.wikipedia.org/wiki/Universidade_Federal_do_Rio_Grande_do_Norte","Criada por lei estadual em 25/06/1958, instalada em 21/03/1959, federalizada em 18/12/1960 (data mais recente adotada)","2026-09-20"
"UFRN","Natal","2408102","Faculdades fundadoras (Direito 1949, Medicina 1955, Engenharia 1957)","escola_predecessora","1949","https://pt.wikipedia.org/wiki/Universidade_Federal_do_Rio_Grande_do_Norte","Também Farmácia e Odontologia, Filosofia e Serviço Social, reunidas na Universidade do Rio Grande do Norte (estadual, 25/06/1958)","2026-09-20"
"UFRN","Santa Cruz","2411205","UFRN - Campus Santa Cruz (FACISA)","campus_federal","2008","https://facisa.ufrn.br/institucional/apresentacao","Resolução 011/2008-CONSUNI de 01/12/2008","2026-09-20"
"UFRPE","Recife","2611606","UFRPE - Campus Dois Irmãos (sede)","campus_federal","1955","https://pt.wikipedia.org/wiki/Universidade_Federal_Rural_de_Pernambuco","URPE criada pelo Decreto Estadual 1.741 de 24/07/1947, federalizada pela Lei 2.524 de 04/07/1955 (data mais recente adotada), UFRPE desde 1974","2026-09-20"
"UFRPE","Recife","2611606","Escolas Superiores de Agricultura e Medicina Veterinária São Bento","escola_predecessora","1912","https://www.ufrpe.br/mem%C3%B3ria/","Pedra fundamental 03/11/1912, inaugurada 01/02/1914 em Olinda, estadualizada em 1936 (ESAP), transferida ao Recife em 1938","2026-09-20"
"UFRPE","Serra Talhada","2613909","UFRPE - Unidade Acadêmica de Serra Talhada (UAST)","campus_federal","2006","http://ww2.proplan.ufrpe.br/sites/ww2.proplan.ufrpe.br/files/1.RECU372.2006.criacao_UAST.pdf","CTTI da UFRPE desde os anos 1980, UAST criada pela Resolução 372/2006 do CONSU no REUNI, atividades em agosto de 2006","2026-09-20"
"UFRR","Boa Vista","1400100","UFRR - Campus Boa Vista (sede)","campus_federal","1990","https://pt.wikipedia.org/wiki/Universidade_Federal_de_Roraima","Autorização pela Lei 7.364 de 12/09/1985, criação pelo Decreto 98.127 de 08/09/1989, aula inaugural 19/03/1990 (data mais recente adotada), criada sem incorporação (campus avançado da UFSM em Boa Vista, 1969-1985, foi encerrado antes)","2026-09-20"
"UFRRJ","Nova Iguaçu","3303500","UFRRJ - Instituto Multidisciplinar de Nova Iguaçu","campus_federal","2006","https://portal.ufrrj.br/instituto-multidisciplinar-completa-20-anos-promovendo-educacao-de-qualidade-e-cidadania-na-baixada-fluminense/","Deliberação CONSU 04/2006 de 30/03/2006 (outra fonte cita 20/07/2005), aula inaugural 17/04/2006, campus definitivo em 2010, sem escola predecessora","2026-09-20"
"UFRRJ","Seropédica","3305554","UFRRJ - Campus Seropédica (sede)","campus_federal","1948","https://portal.ufrrj.br/conheca-a-ufrrj/","Universidade Rural criada pelo Decreto-Lei 6.155 de 30/12/1943, campus transferido para Seropédica (então distrito de Itaguaí) em 1948 (data mais recente adotada)","2026-09-20"
"UFRRJ","Seropédica","3305554","Escola Superior de Agronomia e Medicina Veterinária (ESAMV)","escola_predecessora","1910","https://pt.wikipedia.org/wiki/Universidade_Federal_Rural_do_Rio_de_Janeiro","Criada pelo Decreto 8.319 de 20/10/1910 (federal, Ministério da Agricultura), Escola Nacional de Agronomia em 1934, integrada à Universidade Rural pelo Decreto-Lei 6.155 de 30/12/1943","2026-09-20"
"UFS","Aracaju","2800308","UFS - Campus Aracaju (Campus da Saúde e unidades)","campus_federal","1968","https://www.ufs.br/pagina/432","Reitoria e unidades em Aracaju desde a federalização em 1968, Hospital Universitário com atividades desde 1984 (fundação 19/07/1995 em outras fontes)","2026-09-20"
"UFS","Aracaju","2800308","Faculdades fundadoras (Ciências Econômicas e Química 1948, Direito e Filosofia 1950, Serviço Social 1954, Medicina 1961)","escola_predecessora","1948","https://www.ufs.br/pagina/432","Faculdades isoladas de Aracaju federalizadas e reunidas na criação da UFS em 1968","2026-09-20"
"UFS","Itabaiana","2802908","UFS - Campus Prof. Alberto Carvalho","campus_federal","2006","https://itabaiana.ufs.br/conteudo/80090","Atividades acadêmicas desde 14/08/2006 (20 anos comemorados em 2026), criado na expansão da UFS sem escola predecessora","2026-09-20"
"UFS","Laranjeiras","2803609","UFS - Campus de Laranjeiras (Campus das Artes)","campus_federal","2009","http://45anos.ufs.br/pagina/10152","Primeira aula 26/03/2007 e instalação 28/03/2007, inauguração oficial em 12/06/2009 (data mais recente adotada), instalado em prédios históricos restaurados sem escola predecessora","2026-09-20"
"UFS","São Cristóvão","2806701","UFS - Cidade Universitária Prof. José Aloísio de Campos (sede)","campus_federal","1987","https://pt.wikipedia.org/wiki/Universidade_Federal_de_Sergipe","Transferência gradativa iniciada nos anos 1980, denominação oficial pela Resolução 01/87 do CONSU em 1987 (data mais recente adotada), campus construído sem escola predecessora (a Escola Agrotécnica Federal de São Cristóvão pertence ao IFS)","2026-09-20"
"UFSC","Florianópolis","4205407","UFSC - Campus Florianópolis (sede/Trindade)","campus_federal","1962","https://pt.wikipedia.org/wiki/Universidade_Federal_de_Santa_Catarina","Criada pela Lei 3.849 de 18/12/1960, Estatuto pelo Decreto 50.580 de 12/05/1961, implantação em 12/03/1962 (data mais recente adotada), denominação Federal desde 1965","2026-09-20"
"UFSC","Florianópolis","4205407","Faculdades fundadoras (Instituto Politécnico 1917, Direito 1932, Ciências Econômicas 1943, Odontologia e Farmácia 1946, Filosofia 1951, Medicina 1957, Serviço Social 1958)","escola_predecessora","1917","https://ccj.ufsc.br/centenario/historico/","Faculdades isoladas de Florianópolis, Direito federalizada pela Lei 3.038 de 19/12/1956, demais incorporadas pela Lei 3.849/1960 na criação da UFSC","2026-09-20"
"UFSCAR","Araras","3503307","UFSCar - Campus Araras (Centro de Ciências Agrárias)","campus_federal","1991","https://www.cca30anos.ufscar.br/cca/usfcaremararas","Parecer 146/91 do Conselho Universitário (fev/1991) autorizou o CCA nas instalações do extinto IAA, transferência 1990-1991, curso de Engenharia Agronômica iniciado em 1993","2026-09-20"
"UFSCAR","Araras","3503307","Instituto do Açúcar e do Álcool (IAA/PLANALSUCAR)","escola_predecessora","1933","https://www.cca30anos.ufscar.br/cca/usfcaremararas","Autarquia federal criada pelo Decreto 22.789 de 01/06/1933, PLANALSUCAR 1971, extinta pelo Decreto 99.240 de 08/05/1990 com patrimônio e pessoal transferidos à UFSCar","2026-09-20"
"UFSCAR","São Carlos","3548906","UFSCar - Campus São Carlos (sede)","campus_federal","1970","https://pt.wikipedia.org/wiki/Universidade_Federal_de_S%C3%A3o_Carlos","Decreto 62.758 de 22/05/1968, escritura de instituição em 26/04/1969, cerimônia inaugural/primeiras aulas em 13/03/1970 (data mais recente adotada)","2026-09-20"
"UFSCAR","São Carlos","3548906","Escola de Educação Física de São Carlos (EEFSC) e Escola de Biblioteconomia e Documentação (EBDSC)","escola_predecessora","1949","https://pt.wikipedia.org/wiki/Universidade_Federal_de_S%C3%A3o_Carlos","EEFSC 1949 e EBDSC 1959, privadas, municipalizadas na Fundação Educacional São Carlos (FESC) em 1976, cursos incorporados à UFSCar entre 1990 e 1994,  a universidade em si foi criada do zero sem incorporação","2026-09-20"
"UFSCAR","Sorocaba","3552205","UFSCar - Campus Sorocaba","campus_federal","2006","https://www.sorocaba.ufscar.br/o-campus","Início da implantação em 2006 com primeiros alunos (consolidação da criação em 2005 segundo a Wikipédia), campus novo sem escola predecessora","2026-09-20"
"UFSJ","Divinópolis","3122306","UFSJ - Campus Centro-Oeste Dona Lindu","campus_federal","2008","https://pt.wikipedia.org/wiki/Universidade_Federal_de_S%C3%A3o_Jo%C3%A3o_del-Rei","Terreno doado pela Prefeitura em 2007, inauguração em junho/2008 com cerimônia oficial em agosto/2008 (15 anos comemorados em 2023), sem escola predecessora","2026-09-20"
"UFSJ","Ouro Branco","3145901","UFSJ - Campus Alto Paraopeba (CAP)","campus_federal","2008","https://pt.wikipedia.org/wiki/Universidade_Federal_de_S%C3%A3o_Jo%C3%A3o_del-Rei","Estudos desde 2005, comodato Gerdau/Açominas em 2007, início das atividades em 2008 (10 anos comemorados em out/2018), campus na divisa Ouro Branco/Congonhas, sem escola predecessora","2026-09-20"
"UFSJ","São João del Rei","3162500","UFSJ - Campus Santo Antônio (sede)","campus_federal","1986","http://www.planalto.gov.br/ccivil_03/leis/L7555.htm","FUNREI criada pela Lei 7.555 de 28/12/1986, transformada em UFSJ pela Lei 10.425 de 19/04/2002 (renomeação não altera o ano de integração)","2026-09-20"
"UFSJ","São João del Rei","3162500","Faculdade Dom Bosco de Filosofia, Ciências e Letras (com FACEAC 1972 e FAEIN 1975)","escola_predecessora","1953","https://pt.wikipedia.org/wiki/Universidade_Federal_de_S%C3%A3o_Jo%C3%A3o_del-Rei","Dom Bosco privada salesiana (Decreto 34.392 de 27/10/1953, instalada 09/03/1954), FACEAC e FAEIN mantidas pela Fundação Municipal (1970), todas federalizadas pela Lei 7.555 de 28/12/1986","2026-09-20"
"UFSM","Frederico Westphalen","4308508","UFSM - Campus Frederico Westphalen (CESNORS)","campus_federal","2006","https://www.ufsm.br/unidades-universitarias/frederico-westphalen","Primeiras turmas em 2006 (20 anos comemorados em 2026), inauguração oficial do CESNORS em 2007, audiência pública em 13/01/2005, campus novo sem escola predecessora","2026-09-20"
"UFSM","Palmeira das Missões","4313706","UFSM - Campus Palmeira das Missões (CESNORS)","campus_federal","2006","https://www.ufsm.br/unidades-universitarias/palmeira-das-missoes","Aulas a partir do 2º semestre de 2006 (aniversário em 16/10, 20 anos comemorados em 2026), Parecer 031/05 de 20/07/2005, inauguração oficial do CESNORS em 2007, campus novo sem escola predecessora","2026-09-20"
"UFSM","Santa Maria","4316907","UFSM - Campus Camobi (sede)","campus_federal","1965","https://www.ufsm.br/historia","Universidade de Santa Maria criada pela Lei 3.834-C de 14/12/1960, instalada em 18/03/1961, federalizada e renomeada UFSM pela Lei 4.759 de 20/08/1965 (data mais recente adotada)","2026-09-20"
"UFSM","Santa Maria","4316907","Escolas fundadoras (Farmácia, Medicina, Odontologia e Instituto Eletrotécnico)","escola_predecessora","1952","https://www.ufsm.br/historia","Anos individuais das escolas não localizados, pedra fundamental das faculdades de Farmácia e Medicina em 1952, autorização de funcionamento em 1954, Faculdade de Direito em 1959, campanha de José Mariano da Rocha Filho desde 1945","2026-09-20"
"UFT","Arraias","1702406","UFT - Campus de Arraias (Prof. Dr. Sérgio Jacintho Leonor)","campus_federal","2003","https://www.uft.edu.br/campus/arraias/sobre-o-campus","Estrutura da Unitins transferida à UFT na implantação de 15/05/2003","2026-09-20"
"UFT","Arraias","1702406","Centro de Extensão de Arraias da Unitins (Pedagogia e Matemática)","escola_predecessora","1990","https://www.uft.edu.br/campus/arraias/sobre-o-campus","Criado no primeiro ano da Unitins (1990), sem faculdade isolada própria","2026-09-20"
"UFT","Gurupi","1709500","UFT - Campus de Gurupi","campus_federal","2003","https://www.uft.edu.br/campus/gurupi/sobre-o-campus","Campus transferido da Unitins à UFT na implantação de 2003","2026-09-20"
"UFT","Gurupi","1709500","Campus da Unitins em Gurupi (Universidade do Tocantins)","escola_predecessora","1992","https://www.unitins.br/memoria/","Campus criado em 1992 com curso de Agronomia instalado em 1993,  a FAFICH/Fundação Educacional de Gurupi (1985) originou a UnirG municipal, não a UFT","2026-09-20"
"UFT","Miracema do Tocantins","1713205","UFT - Campus de Miracema","campus_federal","2003","https://www.uft.edu.br/campus/miracema/sobre-o-campus","Campus transferido da Unitins à UFT na implantação de 15/05/2003 (Lei 10.032 de 23/10/2000)","2026-09-20"
"UFT","Miracema do Tocantins","1713205","Campus da Unitins em Miracema (Universidade do Tocantins)","escola_predecessora","1992","https://www.unitins.br/memoria/","Unitins estadual criada em 1990 (Decreto 252 de 21/02/1990), campus de Miracema criado na expansão de 1992 (Miracema foi capital provisória do Tocantins em 1989)","2026-09-20"
"UFT","Palmas","1721000","UFT - Campus de Palmas (sede)","campus_federal","2003","https://www.uft.edu.br/campus/palmas/sobre-o-campus","UFT criada pela Lei 10.032 de 23/10/2000, implantada em 15/05/2003 (data mais recente adotada), estatuto homologado em 2004","2026-09-20"
"UFT","Palmas","1721000","Campus da Unitins em Palmas (Universidade do Tocantins)","escola_predecessora","1992","https://www.unitins.br/memoria/","Unitins estadual criada em 1990 (Decreto 252 de 21/02/1990), campus de Palmas criado em 1992, cursos convalidados na UFT pela Portaria MEC 658 de 17/03/2004","2026-09-20"
"UFT","Porto Nacional","1718204","UFT - Campus de Porto Nacional","campus_federal","2003","https://pt.wikipedia.org/wiki/Universidade_Federal_do_Tocantins","Campus transferido da Unitins à UFT na implantação de 2003","2026-09-20"
"UFT","Porto Nacional","1718204","Faculdade de Filosofia do Norte Goiano (FAFING)","escola_predecessora","1963","https://pt.wikipedia.org/wiki/Universidade_Federal_do_Tocantins","Criada pela Lei estadual de Goiás 4.505 de 12/08/1963, autarquia em 1984, Centro Universitário de Porto Nacional em 1989, incorporada à Unitins em 1990","2026-09-20"
"UFTM","Uberaba","3170107","UFTM - Campus Uberaba (sede)","campus_federal","2005","https://www2.camara.leg.br/legin/fed/lei/2005/lei-11152-29-julho-2005-537974-publicacaooriginal-31336-pl.html","UFTM criada pela Lei 11.152 de 29/07/2005 (DOU 01/08/2005) por transformação da FMTM","2026-09-20"
"UFTM","Uberaba","3170107","Faculdade de Medicina do Triângulo Mineiro (FMTM)","escola_predecessora","1953","https://www.uftm.edu.br/institucional/conheca-a-uftm","Fundada em 27/04/1953, federalizada pela Lei 3.856 de 18/12/1960, autarquia federal pelo Decreto 70.686 de 07/06/1972","2026-09-20"
"UFU","Ituiutaba","3134202","UFU - Campus Pontal (FACIP)","campus_federal","2006","http://www.reitoria.ufu.br/Resolucoes/resolucaoCONSUN-2006-2.pdf","Criado pela Resolução CONSUN 2/2006, primeiras aulas em 2007 (Wikipédia cita 2005), campus de expansão sem incorporação de faculdade pré-existente (instalações cedidas por FEIT/FTM privadas)","2026-09-20"
"UFU","Uberlândia","3170206","UFU - Campus Santa Mônica (sede)","campus_federal","1978","https://pt.wikipedia.org/wiki/Universidade_Federal_de_Uberl%C3%A2ndia","Universidade de Uberlândia criada em 1969, federalizada pela Lei 6.532 de 24/05/1978 (data mais recente adotada)","2026-09-20"
"UFU","Uberlândia","3170206","Faculdades fundadoras (Música 1957, Direito 1959, Filosofia 1960, Engenharia 1961, Economia 1963, Medicina 1968)","escola_predecessora","1957","https://ufu.br/linha-do-tempo","Faculdades isoladas integradas na Universidade de Uberlândia (estadual) pelo Decreto-Lei 762 de 14/08/1969","2026-09-20"
"UFV","Florestal","3126000","UFV - Campus de Florestal","campus_federal","1969","https://www.ufv.br/historia/","Escola transferida à UFV na federalização de 1969, ensino superior no campus implantado apenas em 2006","2026-09-20"
"UFV","Florestal","3126000","Fazenda-Escola de Florestal (depois Emaf e CEDAF)","escola_predecessora","1939","https://www.ufv.br/historia/","Inaugurada 26/04/1939, Escola Média de Agricultura de Florestal ~1948, incorporada à UREMG em 1955, transferida à UFV em 1969, CEDAF em 1981","2026-09-20"
"UFV","Rio Paranaíba","3155504","UFV - Campus do Cerrado (Rio Paranaíba)","campus_federal","2006","https://pt.wikipedia.org/wiki/Universidade_Federal_de_Vi%C3%A7osa","Criado pela Resolução 8/2006 de 25/07/2006, atividades acadêmicas no 2º semestre de 2007, campus novo sem escola predecessora","2026-09-20"
"UFV","Viçosa","3171303","UFV - Campus Viçosa (sede)","campus_federal","1969","https://www.planalto.gov.br/ccivil_03/decreto-lei/1965-1988/del0570.htm","Federalização pelo Decreto-Lei 570 de 08/05/1969, consolidada pelo Decreto 64.825 de 15/07/1969, UFV vigente a partir de 01/08/1969","2026-09-20"
"UFV","Viçosa","3171303","Escola Superior de Agricultura e Veterinária (ESAV)","escola_predecessora","1922","https://www.ufv.br/historia/","Criada pelo Decreto 6.053 de 30/03/1922 (Lei Estadual 761/1920), inaugurada 28/08/1926, Universidade Rural do Estado de Minas Gerais (UREMG) em 1948","2026-09-20"
"UFVJM","Diamantina","3121605","UFVJM - Campus JK (sede)","campus_federal","2005","https://pt.wikipedia.org/wiki/Universidade_Federal_dos_Vales_do_Jequitinhonha_e_Mucuri","UFVJM criada pela Lei 11.173 de 06/09/2005 (DOU 08/09/2005) a partir das FAFEID","2026-09-20"
"UFVJM","Diamantina","3121605","Faculdade de Odontologia de Diamantina (FAFEOD)","escola_predecessora","1953","https://portal.ufvjm.edu.br/onde-estamos/diamantina","Fundada pela Lei Estadual 990 de 30/09/1953, federalizada em 17/12/1960, FAFEID em 04/10/2002","2026-09-20"
"UFVJM","Teófilo Otoni","3168606","UFVJM - Campus do Mucuri","campus_federal","2006","https://portal.ufvjm.edu.br/onde-estamos/teofilo_otoni","Campus de expansão criado em 2006 com cinco novos cursos, sem incorporação de faculdade predecessora (a Faculdade de Filosofia, Ciências e Letras de Teófilo Otoni é instituição distinta)","2026-09-20"
"UNB","Brasília","5300108","UnB - Campus Darcy Ribeiro (sede)","campus_federal","1962","https://www.unb.br/a-unb/historia","Lei 3.998 de 15/12/1961, inaugurada em 21/04/1962 (data mais recente adotada)","2026-09-20"
"UNIFAL-MG","Alfenas","3101607","UNIFAL-MG - Campus Alfenas (sede)","campus_federal","2005","https://www.planalto.gov.br/ccivil_03/_ato2004-2006/2005/lei/l11154.htm","UNIFAL-MG criada pela Lei 11.154 de 29/07/2005 (centenário comemorado em 2014 pela herança da EFOA)","2026-09-20"
"UNIFAL-MG","Alfenas","3101607","Escola de Farmácia e Odontologia de Alfenas (EFOA)","escola_predecessora","1914","https://www.unifal-mg.edu.br/portal/historiadaunifalmg/","Fundada em 03/04/1914, reconhecida pela Lei Estadual 657 de 11/09/1915, federalizada pela Lei 3.854 de 18/12/1960, EFOA/CEUFE em 2001","2026-09-20"
"UNIFAP","Macapá","1600303","UNIFAP - Campus Marco Zero (sede)","campus_federal","1990","https://www2.unifap.br/reitoria/historico-da-unifap/","Decreto 98.997 de 02/03/1990, autorização pela Lei 7.530/1986 (data mais recente adotada)","2026-09-20"
"UNIFAP","Oiapoque","1600501","UNIFAP - Campus Binacional do Oiapoque","campus_federal","2013","http://web.archive.org/web/20240803080033/https://www2.unifap.br/oiapoque/campus-binacional-do-oiapoque/historico/","Interiorização discutida desde 1996, regime modular 1999-2004, primeiro curso em 2007, Campus Binacional instituído pela Resolução 01/2013 do Consuni (data mais recente adotada), primeiras turmas dos novos cursos em 2014, sem escola predecessora","2026-09-20"
"UNIFAP","Santana","1600600","UNIFAP - Campus Santana","campus_federal","2005","https://www2.unifap.br/santana/2-2/historico/","Em funcionamento desde 02/05/2005 com Arquitetura e Urbanismo (18 anos comemorados em 2023), instituído formalmente pela Resolução 019/2006 do Consuni, sem escola predecessora","2026-09-20"
"UNIFEI","Itabira","3131703","UNIFEI - Campus Itabira","campus_federal","2008","https://web.archive.org/web/20090628091313/http://www.unifei.edu.br/diversos/unifei-campus-itabira","Campus avançado criado por convênio Prefeitura de Itabira/Vale/MEC/UNIFEI, primeiro vestibular e atividades em julho/2008, funcionou inicialmente no INDESI/Parque Tecnológico, sem escola predecessora","2026-09-20"
"UNIFEI","Itajubá","3132404","UNIFEI - Campus Itajubá (sede)","campus_federal","2002","https://unifei.edu.br/institucional/historia/","EFEI transformada em Universidade Federal de Itajubá em 2002","2026-09-20"
"UNIFEI","Itajubá","3132404","Instituto Eletrotécnico de Itajubá (IEMI)","escola_predecessora","1913","https://unifei.edu.br/institucional/historia/","Fundado em 23/11/1913 (privado), federalizado em 1956","2026-09-20"
"UNIFESP","Diadema","3513801","UNIFESP - Campus Diadema (ICAQF)","campus_federal","2007","https://www.unifesp.br/campus/dia/institucional/apresentacaodia","Processo iniciado em 2005 com doação de terreno pela Prefeitura, ICAQF implantado em 2007 com quatro cursos, unidade José Alencar inaugurada em maio/2012, campus REUNI sem escola predecessora","2026-09-20"
"UNIFESP","Guarulhos","3518800","UNIFESP - Campus Guarulhos","campus_federal","2007","https://campus.unifesp.br/gru/institucional/historico/linha-do-tempo","Convênio de 2006, implantação em 2007 (data mais recente adotada)","2026-09-20"
"UNIFESP","Santos","3548500","UNIFESP - Campus Baixada Santista","campus_federal","2007","https://www.unifesp.br/campus/san7/institucional/campusbs/historicobs","Campus de expansão REUNI, criação regional em set/2004, criação definitiva em out/2005, primeiro vestibular em dez/2005, contado oficialmente como campus a partir de 2007 (data mais recente adotada), sem escola predecessora local (EPM/1933 fica em São Paulo capital)","2026-09-20"
"UNIFESP","São José dos Campos","3549904","UNIFESP - Campus São José dos Campos (ICT)","campus_federal","2007","https://campus.unifesp.br/sjc/institucional/sobre/apresentacao-unifesp","ICT iniciou atividades em 2007 com o curso de Ciência da Computação, sede no Parque Tecnológico desde 2014, campus REUNI sem escola predecessora","2026-09-20"
"UNIFESP","São Paulo","3550308","UNIFESP - Campus São Paulo","campus_federal","1994","https://portal.unifesp.br/","EPM transformada em universidade federal em 1994","2026-09-20"
"UNIFESP","São Paulo","3550308","Escola Paulista de Medicina","escola_predecessora","1933","https://epm.unifesp.br/","Fundada em 01/06/1933 (privada), federalizada em 1956","2026-09-20"
"UNIPAMPA","Alegrete","4300406","UNIPAMPA - Campus Alegrete","campus_federal","2010","https://www.colunapontodevista.com/2010/11/inauguracao-simultanea-entrega.html","Aulas desde 2006 como extensão tutelada pela UFSM, criação pela Lei 11.640 de 11/01/2008, inauguração oficial da sede em 30/11/2010 (data mais recente adotada), campus URCAMP local não foi incorporado (permaneceu privado)","2026-09-20"
"UNIPAMPA","Bagé","4301602","UNIPAMPA - Campus Bagé (sede)","campus_federal","2008","https://pt.wikipedia.org/wiki/Universidade_Federal_do_Pampa","Atividades desde 2006 como extensão da UFPel (primeiro vestibular em 17-18/06/2006), sede criada pela Lei 11.640 de 11/01/2008 (data mais recente adotada), URCAMP local é instituição privada distinta","2026-09-20"
"UNIPAMPA","Caçapava do Sul","4302808","UNIPAMPA - Campus Caçapava do Sul","campus_federal","2009","https://pt.wikipedia.org/wiki/Universidade_Federal_do_Pampa","Curso de Geofísica instalado em 18/09/2006 em campus provisório como extensão da UFPel, criação pela Lei 11.640/2008, transferência ao campus definitivo em setembro/2009 (data mais recente adotada)","2026-09-20"
"UNIPAMPA","Dom Pedrito","4306601","UNIPAMPA - Campus Dom Pedrito","campus_federal","2010","https://cursos.unipampa.edu.br/cursos/engenhariaquimica/2010/09/03/inauguracao-dos-campi-de-dom-pedrito-e-jaguarao-o-daeq-unipampa-gestao-2010-estava-la/","Aulas desde 2006 como extensão da UFPel, criação pela Lei 11.640/2008, inauguração oficial em 03/09/2010 (data mais recente adotada), campus URCAMP local não foi incorporado","2026-09-20"
"UNIPAMPA","Itaqui","4310603","UNIPAMPA - Campus Itaqui","campus_federal","2010","https://unipampa.edu.br/itaqui/19-anos-do-campus-itaqui/","Atividades desde setembro/2006 em parceria com a UFSM (página oficial conta 19 anos em 2025), criação pela Lei 11.640/2008, inauguração da sede em 30/11/2010 (data mais recente adotada), campus URCAMP local não foi incorporado","2026-09-20"
"UNIPAMPA","Jaguarão","4311007","UNIPAMPA - Campus Jaguarão","campus_federal","2008","http://www2.camara.gov.br/legin/fed/lei/2008/lei-11640-11-janeiro-2008-568056-publicacaooriginal-91449-pl.html","Atividades desde 16/10/2006 como extensão da UFPel (primeiro vestibular em 17-18/06/2006), integrado pela Lei 11.640 de 11/01/2008 (data mais recente adotada), sem escola predecessora incorporada","2026-09-20"
"UNIPAMPA","Sant'Ana do Livramento","4317103","UNIPAMPA - Campus Sant'Ana do Livramento","campus_federal","2008","http://www2.camara.gov.br/legin/fed/lei/2008/lei-11640-11-janeiro-2008-568056-publicacaooriginal-91449-pl.html","Atividades desde 2006 como extensão da UFPel, integrado pela Lei 11.640 de 11/01/2008 (data mais recente adotada), URCAMP presente no município mas não incorporada","2026-09-20"
"UNIPAMPA","São Borja","4318002","UNIPAMPA - Campus São Borja","campus_federal","2008","http://www2.camara.gov.br/legin/fed/lei/2008/lei-11640-11-janeiro-2008-568056-publicacaooriginal-91449-pl.html","Atividades desde 2006 como extensão da UFSM, integrado pela Lei 11.640 de 11/01/2008 (data mais recente adotada), URCAMP presente no município mas não incorporada","2026-09-20"
"UNIPAMPA","São Gabriel","4318309","UNIPAMPA - Campus São Gabriel","campus_federal","2008","http://www2.camara.gov.br/legin/fed/lei/2008/lei-11640-11-janeiro-2008-568056-publicacaooriginal-91449-pl.html","Atividades desde 2006 como extensão da UFSM, integrado pela Lei 11.640 de 11/01/2008 (data mais recente adotada), URCAMP presente no município mas não incorporada","2026-09-20"
"UNIPAMPA","Uruguaiana","4322400","UNIPAMPA - Campus Uruguaiana","campus_federal","2008","http://www2.camara.gov.br/legin/fed/lei/2008/lei-11640-11-janeiro-2008-568056-publicacaooriginal-91449-pl.html","Atividades desde 2006 como extensão da UFSM, integrado pela Lei 11.640 de 11/01/2008 (data mais recente adotada), antigo campus da PUCRS desativado sem relação de incorporação","2026-09-20"
"UNIR","Cacoal","1100049","UNIR - Campus de Cacoal (Prof. Francisco Gonçalves Quiles)","campus_federal","1989","https://pt.wikipedia.org/wiki/Universidade_Federal_de_Rond%C3%B4nia","30 anos do campus comemorados em 02/04/2019 (data mais recente adotada), estrutura originada do Núcleo Avançado","2026-09-20"
"UNIR","Cacoal","1100049","Núcleo Avançado em Educação (UFPA e UFAC)","escola_predecessora","1976","https://pt.wikipedia.org/wiki/Universidade_Federal_de_Rond%C3%B4nia","Núcleo criado em 1976 por universidades federais (Pedagogia, Enfermagem, Construção Civil, Heveacultura, Topografia), seguido apenas pela UFPA a partir de 1979","2026-09-20"
"UNIR","Guajará-Mirim","1100106","UNIR - Campus de Guajará-Mirim (Jorge Vassilakis)","campus_federal","1988","https://pt.wikipedia.org/wiki/Campus_de_Guajar%C3%A1-Mirim_da_Universidade_Federal_de_Rond%C3%B4nia","35 anos do campus comemorados em 20/11/2023 (data mais recente adotada)","2026-09-20"
"UNIR","Guajará-Mirim","1100106","Núcleo Avançado em Educação (UFPA e UFAC)","escola_predecessora","1976","https://pt.wikipedia.org/wiki/Campus_de_Guajar%C3%A1-Mirim_da_Universidade_Federal_de_Rond%C3%B4nia","Núcleo criado em 1976 por universidades federais","2026-09-20"
"UNIR","Ji-Paraná","1100122","UNIR - Campus de Ji-Paraná","campus_federal",,"https://pt.wikipedia.org/wiki/Universidade_Federal_de_Rond%C3%B4nia","Ano de fundação não encontrado (inauguração de 2017 refere-se a complexo novo, não à fundação)","2026-09-20"
"UNIR","Ji-Paraná","1100122","Núcleo Avançado em Educação (UFPA e UFAC)","escola_predecessora","1976","https://pt.wikipedia.org/wiki/Universidade_Federal_de_Rond%C3%B4nia","Núcleo criado em 1976 por universidades federais","2026-09-20"
"UNIR","Porto Velho","1100205","UNIR - Campus Porto Velho (sede)","campus_federal","1982","https://www.planalto.gov.br/ccivil_03/leis/1980-1988/l7011.htm","Lei 7.011 de 08/07/1982","2026-09-20"
"UNIR","Porto Velho","1100205","FUNDACENTRO (Fundação Centro de Ensino Superior de Rondônia)","escola_predecessora","1975","https://pt.wikipedia.org/wiki/Universidade_Federal_de_Rond%C3%B4nia","Fundação municipal de Porto Velho constituída em 1975, primeiro vestibular em 1980, incorporada à UNIR pela Lei 7.011 de 08/07/1982","2026-09-20"
"UNIR","Rolim de Moura","1100288","UNIR - Campus de Rolim de Moura","campus_federal","1989","https://pt.wikipedia.org/wiki/Universidade_Federal_de_Rond%C3%B4nia","Três décadas do campus comemoradas em 31/10/2019 (data mais recente adotada)","2026-09-20"
"UNIR","Rolim de Moura","1100288","Núcleo Avançado em Educação (UFPA e UFAC)","escola_predecessora","1976","https://pt.wikipedia.org/wiki/Universidade_Federal_de_Rond%C3%B4nia","Núcleo criado em 1976 por universidades federais, anterior à emancipação do município (1983), campus possui Fazenda Experimental","2026-09-20"
"UNIR","Vilhena","1100304","UNIR - Campus de Vilhena","campus_federal",,"https://pt.wikipedia.org/wiki/Universidade_Federal_de_Rond%C3%B4nia","Ano de fundação não encontrado (campus documentado desde 2011)","2026-09-20"
"UNIR","Vilhena","1100304","Núcleo Avançado em Educação (UFPA e UFAC)","escola_predecessora","1976","https://pt.wikipedia.org/wiki/Universidade_Federal_de_Rond%C3%B4nia","Núcleo criado em 1976 por universidades federais","2026-09-20"
"UNIRIO","Rio de Janeiro","3304557","UNIRIO - Campus Urca/Afonso Pena (sede)","campus_federal","1979","http://www.planalto.gov.br/ccivil_03/leis/1970-1979/l6655.htm","FEFIEG criada pelo Decreto-Lei 773 de 20/08/1969, Universidade do Rio de Janeiro criada pela Lei 6.555 de 05/06/1979 (data mais recente adotada), denominação UNIRIO desde 2003","2026-09-20"
"UNIRIO","Rio de Janeiro","3304557","Escolas fundadoras (Enfermagem Alfredo Pinto 1890, Medicina e Cirurgia 1912, Biblioteconomia 1911, Teatro 1937, Villa-Lobos 1942, Museologia 1932)","escola_predecessora","1890","https://www.unirio.br/instituicao/historia","Escolas incorporadas na FEFIEG (Decreto-Lei 773 de 20/08/1969), Museologia e Arquivo incorporados em 1977","2026-09-20"
"UNIVASF","Juazeiro","2918407","UNIVASF - Campus Juazeiro","campus_federal","2008","https://portais.univasf.edu.br/campi/campus-juazeiro-ba","Aulas de 2004 a 2007 no prédio da antiga Fundação Assistencial de Juazeiro (apenas cedente do imóvel), campus definitivo inaugurado em 2008 (data mais recente adotada) no terreno da antiga fábrica Cica Norte","2026-09-20"
"UNIVASF","Petrolina","2611101","UNIVASF - Campus Petrolina (sede)","campus_federal","2008","https://portais.univasf.edu.br/campi/campus-petrolina","Criada pela Lei 10.473 de 25/06/2002, aulas desde 18/10/2004 em sede provisória no CEFET-Petrolina (2004-2007, depois transformado em IF Sertão-PE, não incorporado), campus sede inaugurado em 2008 (data mais recente adotada)","2026-09-20"
"UNIVASF","São Raimundo Nonato","2210607","UNIVASF - Campus Serra da Capivara","campus_federal","2008","https://portais.univasf.edu.br/campi/campus-sao-raimundo-nonato","Aulas desde 2004 nas dependências da FUMDHAM (Fundação Museu do Homem Americano, 1986, apenas cedente), campus inaugurado em 2008 (data mais recente adotada), hipótese FUNDARH não confirmada","2026-09-20"
"UTFPR","Apucarana","4101408","UTFPR - Campus Apucarana","campus_federal","2007","https://www.utfpr.edu.br/campus/apucarana/sobre","Atividades iniciadas em 10/01/2007 com primeiras aulas em 12/02/2007 (Industrialização do Vestuário), campus de expansão criado na era UTFPR sem escola predecessora","2026-09-20"
"UTFPR","Campo Mourão","4104303","UTFPR - Campus Campo Mourão","campus_federal","2005","https://www.utfpr.edu.br/campus/campomourao/sobre","UNED transformada em campus da UTFPR pela Lei 11.154 de 07/10/2005","2026-09-20"
"UTFPR","Campo Mourão","4104303","UNED de Campo Mourão do CEFET-PR","escola_predecessora","1995","https://www.utfpr.edu.br/campus/campomourao/sobre","Implantada no programa de expansão de 1990, primeiras atividades discentes em 10/04/1995 com 240 alunos","2026-09-20"
"UTFPR","Cornélio Procópio","4106407","UTFPR - Campus Cornélio Procópio","campus_federal","2005","https://www.utfpr.edu.br/campus/cornelioprocopio/sobre","UNED transformada em campus da UTFPR pela Lei 11.154 de 07/10/2005","2026-09-20"
"UTFPR","Cornélio Procópio","4106407","UNED de Cornélio Procópio do CEFET-PR","escola_predecessora","1993","https://www.utfpr.edu.br/campus/cornelioprocopio/sobre","Estabelecida em 1993 com cursos técnicos de Eletrotécnica e Mecânica","2026-09-20"
"UTFPR","Curitiba","4106902","UTFPR - Campus Curitiba (sede)","campus_federal","2005","https://pt.wikipedia.org/wiki/Universidade_Tecnol%C3%B3gica_Federal_do_Paran%C3%A1","UTFPR criada pela Lei 11.154 de 07/10/2005 (DOU 10/10/2005) na transformação do CEFET-PR","2026-09-20"
"UTFPR","Curitiba","4106902","Escola de Aprendizes Artífices do Paraná (Liceu Industrial 1937, Escola Técnica de Curitiba 1942, ETF-PR 1959, CEFET-PR 1978)","escola_predecessora","1909","https://www.utfpr.edu.br/campus/curitiba/sobre","Criada pelo Decreto 7.566 de 23/09/1909, inaugurada em 16/01/1910, rede federal desde a criação","2026-09-20"
"UTFPR","Dois Vizinhos","4107207","UTFPR - Campus Dois Vizinhos","campus_federal","2005","https://www.utfpr.edu.br/campus/doisvizinhos/sobre","Campus com sede própria criado na transformação do CEFET-PR em UTFPR pela Lei 11.154 de 07/10/2005","2026-09-20"
"UTFPR","Dois Vizinhos","4107207","Escola Agrotécnica Federal de Dois Vizinhos","escola_predecessora","1997","https://www.utfpr.edu.br/campus/doisvizinhos/sobre","Primeira EAF do Paraná, prova de seleção da primeira turma em 14/03/1997 (Técnico Agrícola), vinculada à EAF de Rio do Sul (SC), transferida ao sistema CEFET-PR em 03/09/2003","2026-09-20"
"UTFPR","Francisco Beltrão","4108403","UTFPR - Campus Francisco Beltrão","campus_federal","2008","https://www.utfpr.edu.br/campus/franciscobeltrao","Incorporação pela Portaria Ministerial 1.863 de 30/11/2006, início efetivo das atividades em 03/03/2008 com Tecnologia em Alimentos (data mais recente adotada)","2026-09-20"
"UTFPR","Francisco Beltrão","4108403","Centro de Educação de Nível Técnico de Francisco Beltrão (Texcel)","escola_predecessora",,"https://www.utfpr.edu.br/campus/franciscobeltrao","Ano de fundação do Texcel não encontrado, federalização pela Portaria Ministerial 1.863 de 30/11/2006","2026-09-20"
"UTFPR","Londrina","4113700","UTFPR - Campus Londrina","campus_federal","2007","https://www.utfpr.edu.br/campus/londrina/sobre","Implantado em fevereiro/2007 em espaço provisório (prédio da FUNTEL) com Tecnologia em Alimentos, sede definitiva na Gleba Lindóia desde 2010, sem escola predecessora","2026-09-20"
"UTFPR","Medianeira","4115804","UTFPR - Campus Medianeira","campus_federal","2005","https://www.utfpr.edu.br/campus/medianeira","UNED transformada em campus da UTFPR pela Lei 11.154 de 07/10/2005","2026-09-20"
"UTFPR","Medianeira","4115804","UNED de Medianeira do CEFET-PR","escola_predecessora","1987","https://www.utfpr.edu.br/campus/medianeira","Criada pela Portaria 067/87 de 06/02/1987, prédio concluído em 1989, atividades administrativas e primeiros cursos técnicos em janeiro/1990","2026-09-20"
"UTFPR","Pato Branco","4118501","UTFPR - Campus Pato Branco","campus_federal","2005","https://www.utfpr.edu.br/campus/patobranco","UNED transformada em campus da UTFPR pela Lei 11.154 de 07/10/2005","2026-09-20"
"UTFPR","Pato Branco","4118501","UNED de Pato Branco do CEFET-PR","escola_predecessora","1993","https://www.utfpr.edu.br/campus/patobranco","Programa de expansão de 1990, obras desde 1989, autorização e concurso em 1992, aulas em março/1993 e inauguração oficial em abril/1993","2026-09-20"
"UTFPR","Ponta Grossa","4119905","UTFPR - Campus Ponta Grossa","campus_federal","2005","https://www.utfpr.edu.br/campus/pontagrossa/sobre","Unidade do CEFET-PR transformada em campus da UTFPR pela Lei 11.154 de 07/10/2005","2026-09-20"
"UTFPR","Ponta Grossa","4119905","Unidade do CEFET-PR em Ponta Grossa","escola_predecessora","1993","https://www.utfpr.edu.br/campus/pontagrossa/sobre","Atividades desde março/1993 com cursos técnicos em Alimentos e Eletrônica (Wikipédia cita 1991), cursos superiores de tecnologia desde 1999","2026-09-20"
"UTFPR","Toledo","4127700","UTFPR - Campus Toledo","campus_federal","2007","https://www.utfpr.edu.br/campus/toledo/sobre","Implantado em 05/02/2007 no prédio da antiga Fundação Educacional de Toledo (apenas cedente do imóvel) com Técnico em Gastronomia, sede própria inaugurada em julho/2010, sem escola predecessora","2026-09-20"
